ID,family,hybrid_index,seed.cohort,cohort,F21_238,F21_259,F21_241,F21_284,F21_232,s.coh8,s.coh9,s.coh11,s.coh10,s.coh12,s.coh15,s.coh13,s.coh14,s.coh6,s.coh7,s.coh4,s.coh2,s.coh3,coh27,coh24,coh19,coh25,coh26,coh1,coh28,coh31,coh21,coh29,coh30,coh34,coh7,coh8,coh22,coh32,coh33,coh5,coh9,coh6,coh10,coh12,coh15,coh14,coh11,coh13,coh16,coh17,coh20,coh18,coh23,days_to_radicle,GR_cm.dy,ldmc,ave_thick,ave_tough,N_reabsorp,chloro_reabsorp,N_wght_p
23_019,21_238,0.558572698483249,8,27,1,0,0,0,0,1,0,0,0,0,0,0,0,0,0,0,0,0,1,0,0,0,0,0,0,0,0,0,0,0,0,0,0,0,0,0,0,0,0,0,0,0,0,0,0,0,0,0,0,21,0.65,0.121387283236994,0.448666666666667,111.333333333333,49.5297805642633,77.6209677419355,3.19
23_110,21_238,0.415494695287441,8,24,1,0,0,0,0,1,0,0,0,0,0,0,0,0,0,0,0,0,0,1,0,0,0,0,0,0,0,0,0,0,0,0,0,0,0,0,0,0,0,0,0,0,0,0,0,0,0,0,0,21,0.603846153846154,0.0955414012738853,0.547666666666667,118,NA,59.6296296296296,3.419
23_126,21_238,0.417767403542496,8,24,1,0,0,0,0,1,0,0,0,0,0,0,0,0,0,0,0,0,0,1,0,0,0,0,0,0,0,0,0,0,0,0,0,0,0,0,0,0,0,0,0,0,0,0,0,0,0,0,0,21,0.453846153846154,0.104294478527607,0.486666666666667,101.333333333333,47.9398663697105,40.8582089552239,3.592
23_051,21_238,0.422234497997514,8,27,1,0,0,0,0,1,0,0,0,0,0,0,0,0,0,0,0,0,1,0,0,0,0,0,0,0,0,0,0,0,0,0,0,0,0,0,0,0,0,0,0,0,0,0,0,0,0,0,0,21,0.65,0.0852713178294574,0.437333333333333,102,32.6086956521739,56.294964028777,4.14
23_067,21_238,0.629278921259627,8,24,1,0,0,0,0,1,0,0,0,0,0,0,0,0,0,0,0,0,0,1,0,0,0,0,0,0,0,0,0,0,0,0,0,0,0,0,0,0,0,0,0,0,0,0,0,0,0,0,0,23,0.95,0.110236220472441,0.482333333333333,92,45.2351485148515,72.7941176470588,3.232
23_045,21_238,0.624733008379429,8,27,1,0,0,0,0,1,0,0,0,0,0,0,0,0,0,0,0,0,1,0,0,0,0,0,0,0,0,0,0,0,0,0,0,0,0,0,0,0,0,0,0,0,0,0,0,0,0,0,0,23,0.496153846153846,0.128048780487805,0.419666666666667,108,42.0560747663551,66.0516605166052,3.21
23_025,21_238,0.484800287674264,8,24,1,0,0,0,0,1,0,0,0,0,0,0,0,0,0,0,0,0,0,1,0,0,0,0,0,0,0,0,0,0,0,0,0,0,0,0,0,0,0,0,0,0,0,0,0,0,0,0,0,23,0.565384615384615,0.096551724137931,0.522333333333333,126,56.9601574028529,60.7142857142857,4.066
23_068,21_238,0.471007121057986,8,24,1,0,0,0,0,1,0,0,0,0,0,0,0,0,0,0,0,0,0,1,0,0,0,0,0,0,0,0,0,0,0,0,0,0,0,0,0,0,0,0,0,0,0,0,0,0,0,0,0,23,0.953846153846154,0.103448275862069,0.496666666666667,138.666666666667,56.575682382134,58.9318600368324,4.03
23_016,21_238,0.525241379310345,8,24,1,0,0,0,0,1,0,0,0,0,0,0,0,0,0,0,0,0,0,1,0,0,0,0,0,0,0,0,0,0,0,0,0,0,0,0,0,0,0,0,0,0,0,0,0,0,0,0,0,23,0.7,0.108695652173913,0.492333333333333,81.3333333333333,40.0093370681606,69.2631578947368,4.284
23_041,21_238,0.457974404843815,8,27,1,0,0,0,0,1,0,0,0,0,0,0,0,0,0,0,0,0,1,0,0,0,0,0,0,0,0,0,0,0,0,0,0,0,0,0,0,0,0,0,0,0,0,0,0,0,0,0,0,23,0.526923076923077,0.125,0.453333333333333,92.6666666666667,22.7621483375959,34.8754448398576,3.91
23_115,21_238,0.344775159347407,8,24,1,0,0,0,0,1,0,0,0,0,0,0,0,0,0,0,0,0,0,1,0,0,0,0,0,0,0,0,0,0,0,0,0,0,0,0,0,0,0,0,0,0,0,0,0,0,0,0,0,23,0.857692307692308,0.118518518518519,0.470666666666667,91.3333333333333,60.9756097560976,61.8661257606491,3.69
23_052,21_238,0.477695269526953,8,27,1,0,0,0,0,1,0,0,0,0,0,0,0,0,0,0,0,0,1,0,0,0,0,0,0,0,0,0,0,0,0,0,0,0,0,0,0,0,0,0,0,0,0,0,0,0,0,0,0,23,0.753846153846154,0.11219512195122,0.432,94,36.890243902439,60.1503759398496,3.28
23_069,21_238,0.548810308825146,8,24,1,0,0,0,0,1,0,0,0,0,0,0,0,0,0,0,0,0,0,1,0,0,0,0,0,0,0,0,0,0,0,0,0,0,0,0,0,0,0,0,0,0,0,0,0,0,0,0,0,23,0.615384615384615,NA,0.457,95.3333333333333,NA,74.1648106904232,4.002
23_050,21_238,0.473227246583222,8,27,1,0,0,0,0,1,0,0,0,0,0,0,0,0,0,0,0,0,1,0,0,0,0,0,0,0,0,0,0,0,0,0,0,0,0,0,0,0,0,0,0,0,0,0,0,0,0,0,0,23,0.546153846153846,0.105633802816901,0.443333333333333,94,33.4177215189873,68.2656826568266,3.95
23_194,21_238,0.46192775050059,8,19,1,0,0,0,0,1,0,0,0,0,0,0,0,0,0,0,0,0,0,0,1,0,0,0,0,0,0,0,0,0,0,0,0,0,0,0,0,0,0,0,0,0,0,0,0,0,0,0,0,14,0.369230769230769,0.124600638977636,0.539666666666667,69.3333333333333,38.4839650145773,81.9354838709677,3.43
22_221,21_238,0.4316634307747,8,19,1,0,0,0,0,1,0,0,0,0,0,0,0,0,0,0,0,0,0,0,1,0,0,0,0,0,0,0,0,0,0,0,0,0,0,0,0,0,0,0,0,0,0,0,0,0,0,0,0,14,0.230769230769231,0.127551020408163,0.444,86.6666666666667,42.6735218508997,31.6973415132924,3.89
23_133,21_238,0.305753995830438,8,24,1,0,0,0,0,1,0,0,0,0,0,0,0,0,0,0,0,0,0,1,0,0,0,0,0,0,0,0,0,0,0,0,0,0,0,0,0,0,0,0,0,0,0,0,0,0,0,0,0,25,0.826923076923077,0.121212121212121,0.419666666666667,88,42.8571428571429,40.0793650793651,3.955
23_134,21_238,0.436841961704217,8,24,1,0,0,0,0,1,0,0,0,0,0,0,0,0,0,0,0,0,0,1,0,0,0,0,0,0,0,0,0,0,0,0,0,0,0,0,0,0,0,0,0,0,0,0,0,0,0,0,0,25,0.55,0.109452736318408,0.469666666666667,99.3333333333333,46.5585360781867,53.6184210526316,4.809
23_107,21_238,0.449623197903014,8,25,1,0,0,0,0,1,0,0,0,0,0,0,0,0,0,0,0,0,0,0,0,1,0,0,0,0,0,0,0,0,0,0,0,0,0,0,0,0,0,0,0,0,0,0,0,0,0,0,0,25,0.773076923076923,0.104895104895105,0.478666666666667,111.333333333333,57.8664949559991,39.0018484288355,4.659
23_140,21_238,0.510619977037888,8,24,1,0,0,0,0,1,0,0,0,0,0,0,0,0,0,0,0,0,0,1,0,0,0,0,0,0,0,0,0,0,0,0,0,0,0,0,0,0,0,0,0,0,0,0,0,0,0,0,0,25,0.580769230769231,0.113636363636364,0.469666666666667,94,53.604568165596,68.3606557377049,4.203
23_104,21_238,0.432795698924731,8,25,1,0,0,0,0,1,0,0,0,0,0,0,0,0,0,0,0,0,0,0,0,1,0,0,0,0,0,0,0,0,0,0,0,0,0,0,0,0,0,0,0,0,0,0,0,0,0,0,0,28,0.5,0.0892857142857143,0.495,97.3333333333333,50.4675259034622,67.7179962894249,3.957
23_198,21_238,0.481241417193079,8,19,1,0,0,0,0,1,0,0,0,0,0,0,0,0,0,0,0,0,0,0,1,0,0,0,0,0,0,0,0,0,0,0,0,0,0,0,0,0,0,0,0,0,0,0,0,0,0,0,0,14,0.457692307692308,0.130434782608696,0.483,97.3333333333333,38.5093167701863,54.7854785478548,3.22
22_204,21_238,0.544803600654664,8,19,1,0,0,0,0,1,0,0,0,0,0,0,0,0,0,0,0,0,0,0,1,0,0,0,0,0,0,0,0,0,0,0,0,0,0,0,0,0,0,0,0,0,0,0,0,0,0,0,0,14,0.276923076923077,0.106508875739645,0.554333333333333,129.333333333333,52.8923766816144,43.3673469387755,4.46
23_128,21_238,0.479054128541506,8,24,1,0,0,0,0,1,0,0,0,0,0,0,0,0,0,0,0,0,0,1,0,0,0,0,0,0,0,0,0,0,0,0,0,0,0,0,0,0,0,0,0,0,0,0,0,0,0,0,0,30,0.569230769230769,0.119205298013245,0.460333333333333,102,56.4372918978912,62.5,3.604
23_122,21_238,0.519266531750807,8,26,1,0,0,0,0,1,0,0,0,0,0,0,0,0,0,0,0,0,0,0,0,0,1,0,0,0,0,0,0,0,0,0,0,0,0,0,0,0,0,0,0,0,0,0,0,0,0,0,0,32,0.673076923076923,0.102739726027397,0.532333333333333,145.333333333333,54.746835443038,90.1360544217687,3.16
23_080,21_238,0.680421000631226,8,26,1,0,0,0,0,1,0,0,0,0,0,0,0,0,0,0,0,0,0,0,0,0,1,0,0,0,0,0,0,0,0,0,0,0,0,0,0,0,0,0,0,0,0,0,0,0,0,0,0,32,0.592307692307692,0.127450980392157,0.503333333333333,134,49.6794871794872,86.3063063063063,3.12
22_209,21_238,0.471393307734504,8,19,1,0,0,0,0,1,0,0,0,0,0,0,0,0,0,0,0,0,0,0,1,0,0,0,0,0,0,0,0,0,0,0,0,0,0,0,0,0,0,0,0,0,0,0,0,0,0,0,0,14,NA,0.112121212121212,0.492333333333333,99.3333333333333,NA,NA,NA
23_095,21_238,0.631667447694131,8,25,1,0,0,0,0,1,0,0,0,0,0,0,0,0,0,0,0,0,0,0,0,1,0,0,0,0,0,0,0,0,0,0,0,0,0,0,0,0,0,0,0,0,0,0,0,0,0,0,0,37,0.538461538461538,0.104347826086957,0.535,140,61.1038678835289,55.2710843373494,4.602
23_021,21_238,0.567069977675495,8,28,1,0,0,0,0,1,0,0,0,0,0,0,0,0,0,0,0,0,0,0,0,0,0,0,1,0,0,0,0,0,0,0,0,0,0,0,0,0,0,0,0,0,0,0,0,0,0,0,0,37,0.726923076923077,0.129032258064516,0.460666666666667,147.333333333333,51.7341040462428,59.156976744186,3.46
22_232,21_238,0.504106551318203,8,19,1,0,0,0,0,1,0,0,0,0,0,0,0,0,0,0,0,0,0,0,1,0,0,0,0,0,0,0,0,0,0,0,0,0,0,0,0,0,0,0,0,0,0,0,0,0,0,0,0,14,0.396153846153846,0.131386861313869,0.544333333333333,72.6666666666667,45.273631840796,72.4422442244225,4.02
23_105,21_238,0.717224144559785,8,31,1,0,0,0,0,1,0,0,0,0,0,0,0,0,0,0,0,0,0,0,0,0,0,0,0,1,0,0,0,0,0,0,0,0,0,0,0,0,0,0,0,0,0,0,0,0,0,0,0,46,0.626923076923077,0.104294478527607,0.429,125.333333333333,49.8402555910543,61.8556701030928,3.13
23_070,21_238,0.303535187318304,8,28,1,0,0,0,0,1,0,0,0,0,0,0,0,0,0,0,0,0,0,0,0,0,0,0,1,0,0,0,0,0,0,0,0,0,0,0,0,0,0,0,0,0,0,0,0,0,0,0,0,46,0.546153846153846,0.11660777385159,0.383333333333333,91.3333333333333,52.6315789473684,70.1188455008489,3.8
23_100,21_238,0.544406408325346,8,28,1,0,0,0,0,1,0,0,0,0,0,0,0,0,0,0,0,0,0,0,0,0,0,0,1,0,0,0,0,0,0,0,0,0,0,0,0,0,0,0,0,0,0,0,0,0,0,0,0,46,0.738461538461538,0.129746835443038,0.471,101.333333333333,NA,61.2708018154312,NA
23_135,21_238,0.366880183953355,8,28,1,0,0,0,0,1,0,0,0,0,0,0,0,0,0,0,0,0,0,0,0,0,0,0,1,0,0,0,0,0,0,0,0,0,0,0,0,0,0,0,0,0,0,0,0,0,0,0,0,46,0.55,0.0897435897435897,0.417,86,47.9365079365079,41.7061611374408,3.15
23_085,21_238,0.650511487506289,8,31,1,0,0,0,0,1,0,0,0,0,0,0,0,0,0,0,0,0,0,0,0,0,0,0,0,1,0,0,0,0,0,0,0,0,0,0,0,0,0,0,0,0,0,0,0,0,0,0,0,49,0.576923076923077,0.109090909090909,0.417,107.333333333333,50.2840909090909,61.0510046367852,3.52
23_200,21_238,0.560747153117234,8,21,1,0,0,0,0,1,0,0,0,0,0,0,0,0,0,0,0,0,0,0,0,0,0,0,0,0,1,0,0,0,0,0,0,0,0,0,0,0,0,0,0,0,0,0,0,0,0,0,0,16,0.269230769230769,0.14,0.454,103.333333333333,42.485549132948,49.0384615384615,3.46
23_136,21_238,0.561390979508872,8,29,1,0,0,0,0,1,0,0,0,0,0,0,0,0,0,0,0,0,0,0,0,0,0,0,0,0,0,1,0,0,0,0,0,0,0,0,0,0,0,0,0,0,0,0,0,0,0,0,0,53,0.542307692307692,0.0967741935483871,0.473666666666667,130,38.4615384615385,72.4007561436673,2.73
23_012,21_238,0.749993097545487,8,30,1,0,0,0,0,1,0,0,0,0,0,0,0,0,0,0,0,0,0,0,0,0,0,0,0,0,0,0,1,0,0,0,0,0,0,0,0,0,0,0,0,0,0,0,0,0,0,0,0,65,0.653571428571429,0.130769230769231,0.392333333333333,95.3333333333333,52.3404255319149,83.8420107719928,2.35
23_009,21_238,0.626449795647852,8,30,1,0,0,0,0,1,0,0,0,0,0,0,0,0,0,0,0,0,0,0,0,0,0,0,0,0,0,0,1,0,0,0,0,0,0,0,0,0,0,0,0,0,0,0,0,0,0,0,0,74,0.760714285714286,0.0943396226415094,0.443,108.666666666667,63.4980988593156,89.0310786106033,2.63
22_227,21_238,0.574609936925971,8,21,1,0,0,0,0,1,0,0,0,0,0,0,0,0,0,0,0,0,0,0,0,0,0,0,0,0,1,0,0,0,0,0,0,0,0,0,0,0,0,0,0,0,0,0,0,0,0,0,0,16,0.515384615384615,0.127659574468085,0.461,126,33.968253968254,32.8231292517007,3.15
23_011,21_238,0.352188822211775,8,34,1,0,0,0,0,1,0,0,0,0,0,0,0,0,0,0,0,0,0,0,0,0,0,0,0,0,0,0,0,1,0,0,0,0,0,0,0,0,0,0,0,0,0,0,0,0,0,0,0,88,0.6,NA,NA,NA,51.4435695538058,35.0844277673546,3.81
23_008,21_238,0.545858514041948,8,34,1,0,0,0,0,1,0,0,0,0,0,0,0,0,0,0,0,0,0,0,0,0,0,0,0,0,0,0,0,1,0,0,0,0,0,0,0,0,0,0,0,0,0,0,0,0,0,0,0,98,0.776,NA,NA,NA,61.982540129541,85.408560311284,3.551
23_183,21_238,0.519512594492809,8,21,1,0,0,0,0,1,0,0,0,0,0,0,0,0,0,0,0,0,0,0,0,0,0,0,0,0,1,0,0,0,0,0,0,0,0,0,0,0,0,0,0,0,0,0,0,0,0,0,0,16,0.507692307692308,0.122302158273381,0.472333333333333,112,42.7374301675978,53.3962264150943,3.58
23_160,21_238,0.491202224914638,8,7,1,0,0,0,0,1,0,0,0,0,0,0,0,0,0,0,0,0,0,0,0,0,0,0,0,0,0,0,0,0,1,0,0,0,0,0,0,0,0,0,0,0,0,0,0,0,0,0,0,189,0.08,NA,NA,NA,44.6297204512016,51.6587677725119,4.078
23_224,21_238,0.656159986832359,8,7,1,0,0,0,0,1,0,0,0,0,0,0,0,0,0,0,0,0,0,0,0,0,0,0,0,0,0,0,0,0,1,0,0,0,0,0,0,0,0,0,0,0,0,0,0,0,0,0,0,189,0.132,NA,NA,NA,NA,88.25,NA
23_157,21_238,0.465624571506924,8,7,1,0,0,0,0,1,0,0,0,0,0,0,0,0,0,0,0,0,0,0,0,0,0,0,0,0,0,0,0,0,1,0,0,0,0,0,0,0,0,0,0,0,0,0,0,0,0,0,0,189,0.1,NA,NA,NA,NA,48.868778280543,NA
23_167,21_238,0.623371626449733,8,21,1,0,0,0,0,1,0,0,0,0,0,0,0,0,0,0,0,0,0,0,0,0,0,0,0,0,1,0,0,0,0,0,0,0,0,0,0,0,0,0,0,0,0,0,0,0,0,0,0,16,0.596153846153846,0.10727969348659,0.468333333333333,114.666666666667,37.7777777777778,49.1097922848665,3.6
23_159,21_238,0.826317226317226,8,8,1,0,0,0,0,1,0,0,0,0,0,0,0,0,0,0,0,0,0,0,0,0,0,0,0,0,0,0,0,0,0,1,0,0,0,0,0,0,0,0,0,0,0,0,0,0,0,0,0,196,0.156,NA,NA,NA,41.7079765660207,71.4912280701754,4.438
23_186,21_238,0.460584660863853,8,21,1,0,0,0,0,1,0,0,0,0,0,0,0,0,0,0,0,0,0,0,0,0,0,0,0,0,1,0,0,0,0,0,0,0,0,0,0,0,0,0,0,0,0,0,0,0,0,0,0,16,0.353846153846154,0.115740740740741,0.456333333333333,90,38.719512195122,66.2188099808061,3.28
23_143,21_238,0.547947077797824,8,21,1,0,0,0,0,1,0,0,0,0,0,0,0,0,0,0,0,0,0,0,0,0,0,0,0,0,1,0,0,0,0,0,0,0,0,0,0,0,0,0,0,0,0,0,0,0,0,0,0,16,0.423076923076923,0.116883116883117,0.480333333333333,146.666666666667,37.8787878787879,46.7557251908397,3.96
23_166,21_238,0.686719048398538,8,21,1,0,0,0,0,1,0,0,0,0,0,0,0,0,0,0,0,0,0,0,0,0,0,0,0,0,1,0,0,0,0,0,0,0,0,0,0,0,0,0,0,0,0,0,0,0,0,0,0,16,0.376923076923077,0.112426035502959,0.449333333333333,136.666666666667,37.6404494382022,73.1054977711738,3.56
22_214,21_238,0.673899379662777,8,21,1,0,0,0,0,1,0,0,0,0,0,0,0,0,0,0,0,0,0,0,0,0,0,0,0,0,1,0,0,0,0,0,0,0,0,0,0,0,0,0,0,0,0,0,0,0,0,0,0,16,0.669230769230769,0.129032258064516,0.475666666666667,133.333333333333,33.8235294117647,25.8215962441314,3.4
23_169,21_238,0.423193718709819,8,21,1,0,0,0,0,1,0,0,0,0,0,0,0,0,0,0,0,0,0,0,0,0,0,0,0,0,1,0,0,0,0,0,0,0,0,0,0,0,0,0,0,0,0,0,0,0,0,0,0,16,0.361538461538462,0.088495575221239,0.481666666666667,101.333333333333,39.8280802292264,51.6423357664234,3.49
22_195,21_238,0.543833255833037,8,22,1,0,0,0,0,1,0,0,0,0,0,0,0,0,0,0,0,0,0,0,0,0,0,0,0,0,0,0,0,0,0,0,1,0,0,0,0,0,0,0,0,0,0,0,0,0,0,0,0,16,0.326923076923077,0.136186770428016,0.510333333333333,106.666666666667,41.1764705882353,57.672849915683,3.91
23_180,21_238,0.447237637703968,8,21,1,0,0,0,0,1,0,0,0,0,0,0,0,0,0,0,0,0,0,0,0,0,0,0,0,0,1,0,0,0,0,0,0,0,0,0,0,0,0,0,0,0,0,0,0,0,0,0,0,16,0.45,0.119718309859155,0.473,100.666666666667,24.375,69.0697674418605,3.2
22_203,21_238,0.471562097415234,8,22,1,0,0,0,0,1,0,0,0,0,0,0,0,0,0,0,0,0,0,0,0,0,0,0,0,0,0,0,0,0,0,0,1,0,0,0,0,0,0,0,0,0,0,0,0,0,0,0,0,18,0.457692307692308,0.139784946236559,0.469,92,38.622754491018,31.8181818181818,3.34
22_208,21_238,0.555779143810128,8,22,1,0,0,0,0,1,0,0,0,0,0,0,0,0,0,0,0,0,0,0,0,0,0,0,0,0,0,0,0,0,0,0,1,0,0,0,0,0,0,0,0,0,0,0,0,0,0,0,0,18,0.480769230769231,0.117647058823529,0.494,123.333333333333,40.5017921146953,36.4102564102564,4.464
23_174,21_238,0.481591285162714,8,22,1,0,0,0,0,1,0,0,0,0,0,0,0,0,0,0,0,0,0,0,0,0,0,0,0,0,0,0,0,0,0,0,1,0,0,0,0,0,0,0,0,0,0,0,0,0,0,0,0,18,0.584615384615385,0.092896174863388,0.453333333333333,111.333333333333,28.7598944591029,25.381679389313,3.79
23_062,21_238,0.465878529807261,8,27,1,0,0,0,0,1,0,0,0,0,0,0,0,0,0,0,0,0,1,0,0,0,0,0,0,0,0,0,0,0,0,0,0,0,0,0,0,0,0,0,0,0,0,0,0,0,0,0,0,18,0.576923076923077,0.113207547169811,0.485333333333333,120.666666666667,30.3977272727273,63.0584192439863,3.52
22_222,21_238,0.52633751651255,8,21,1,0,0,0,0,1,0,0,0,0,0,0,0,0,0,0,0,0,0,0,0,0,0,0,0,0,1,0,0,0,0,0,0,0,0,0,0,0,0,0,0,0,0,0,0,0,0,0,0,18,NA,0.111111111111111,0.518666666666667,120,NA,57.5221238938053,NA
23_185,21_238,0.677264101647369,8,21,1,0,0,0,0,1,0,0,0,0,0,0,0,0,0,0,0,0,0,0,0,0,0,0,0,0,1,0,0,0,0,0,0,0,0,0,0,0,0,0,0,0,0,0,0,0,0,0,0,18,0.45,0.125786163522013,0.507,96,40.9495548961424,79.0836653386454,3.37
22_199,21_238,0.498266182298547,8,22,1,0,0,0,0,1,0,0,0,0,0,0,0,0,0,0,0,0,0,0,0,0,0,0,0,0,0,0,0,0,0,0,1,0,0,0,0,0,0,0,0,0,0,0,0,0,0,0,0,18,0.507692307692308,0.128205128205128,0.472,75.3333333333333,34.4512195121951,40.5156537753223,3.28
22_224,21_238,0.431112637362637,8,21,1,0,0,0,0,1,0,0,0,0,0,0,0,0,0,0,0,0,0,0,0,0,0,0,0,0,1,0,0,0,0,0,0,0,0,0,0,0,0,0,0,0,0,0,0,0,0,0,0,18,0.519230769230769,0.113888888888889,0.465333333333333,129.333333333333,25.7971014492754,13.1970260223048,3.45
23_082,21_238,0.341974342491406,8,21,1,0,0,0,0,1,0,0,0,0,0,0,0,0,0,0,0,0,0,0,0,0,0,0,0,0,1,0,0,0,0,0,0,0,0,0,0,0,0,0,0,0,0,0,0,0,0,0,0,18,0.307692307692308,0.105263157894737,0.507333333333333,140.666666666667,35.0785340314136,62.379421221865,3.82
22_201,21_238,0.303060163135709,8,22,1,0,0,0,0,1,0,0,0,0,0,0,0,0,0,0,0,0,0,0,0,0,0,0,0,0,0,0,0,0,0,0,1,0,0,0,0,0,0,0,0,0,0,0,0,0,0,0,0,18,0.392307692307692,0.125813449023861,0.538666666666667,136,22.4489795918367,21.0884353741497,3.43
23_063,21_238,0.527400481341116,8,27,1,0,0,0,0,1,0,0,0,0,0,0,0,0,0,0,0,0,1,0,0,0,0,0,0,0,0,0,0,0,0,0,0,0,0,0,0,0,0,0,0,0,0,0,0,0,0,0,0,18,0.761538461538462,0.134969325153374,0.410333333333333,91.3333333333333,36.6233766233766,47.1559633027523,3.85
23_034,21_238,0.583438511770839,8,27,1,0,0,0,0,1,0,0,0,0,0,0,0,0,0,0,0,0,1,0,0,0,0,0,0,0,0,0,0,0,0,0,0,0,0,0,0,0,0,0,0,0,0,0,0,0,0,0,0,18,0.592307692307692,0.122699386503067,0.443333333333333,74,36.2776025236593,58.8477366255144,3.17
22_225,21_238,0.510668860872476,8,22,1,0,0,0,0,1,0,0,0,0,0,0,0,0,0,0,0,0,0,0,0,0,0,0,0,0,0,0,0,0,0,0,1,0,0,0,0,0,0,0,0,0,0,0,0,0,0,0,0,18,0.369230769230769,0.132867132867133,0.426,91.3333333333333,20.6806282722513,51.4760147601476,3.82
22_217,21_238,0.558581267217631,8,22,1,0,0,0,0,1,0,0,0,0,0,0,0,0,0,0,0,0,0,0,0,0,0,0,0,0,0,0,0,0,0,0,1,0,0,0,0,0,0,0,0,0,0,0,0,0,0,0,0,21,0.515384615384615,0.137724550898204,0.536,123.333333333333,38.622754491018,39.9686520376176,3.34
22_206,21_238,0.387860560492139,8,22,1,0,0,0,0,1,0,0,0,0,0,0,0,0,0,0,0,0,0,0,0,0,0,0,0,0,0,0,0,0,0,0,1,0,0,0,0,0,0,0,0,0,0,0,0,0,0,0,0,21,0.526923076923077,0.114093959731544,0.514,103.333333333333,32.6153846153846,38.3076923076923,3.25
23_032,21_238,0.585103470929596,8,27,1,0,0,0,0,1,0,0,0,0,0,0,0,0,0,0,0,0,1,0,0,0,0,0,0,0,0,0,0,0,0,0,0,0,0,0,0,0,0,0,0,0,0,0,0,0,0,0,0,21,0.615384615384615,0.132596685082873,0.456,103.333333333333,44.3786982248521,55.7142857142857,3.38
23_173,21_238,0.327141524447127,8,22,1,0,0,0,0,1,0,0,0,0,0,0,0,0,0,0,0,0,0,0,0,0,0,0,0,0,0,0,0,0,0,0,1,0,0,0,0,0,0,0,0,0,0,0,0,0,0,0,0,21,0.757692307692308,0.106796116504854,0.453666666666667,88.6666666666667,44.9367088607595,66.2162162162162,3.16
23_205,21_238,0.50902843470035,8,22,1,0,0,0,0,1,0,0,0,0,0,0,0,0,0,0,0,0,0,0,0,0,0,0,0,0,0,0,0,0,0,0,1,0,0,0,0,0,0,0,0,0,0,0,0,0,0,0,0,21,0.580769230769231,0.114942528735632,0.509666666666667,104,46.524064171123,66.1319073083779,3.74
23_116,21_238,0.401524032825322,8,24,1,0,0,0,0,1,0,0,0,0,0,0,0,0,0,0,0,0,0,1,0,0,0,0,0,0,0,0,0,0,0,0,0,0,0,0,0,0,0,0,0,0,0,0,0,0,0,0,0,21,0.530769230769231,0.134146341463415,0.458666666666667,142,18.005540166205,54.0630182421227,3.61
23_084,21_238,0.574830582577331,8,27,1,0,0,0,0,1,0,0,0,0,0,0,0,0,0,0,0,0,1,0,0,0,0,0,0,0,0,0,0,0,0,0,0,0,0,0,0,0,0,0,0,0,0,0,0,0,0,0,0,21,0.65,0.126760563380282,0.405333333333333,77.3333333333333,34.441087613293,51.4450867052023,3.31
23_216,21_238,0.67680226641362,8,22,1,0,0,0,0,1,0,0,0,0,0,0,0,0,0,0,0,0,0,0,0,0,0,0,0,0,0,0,0,0,0,0,1,0,0,0,0,0,0,0,0,0,0,0,0,0,0,0,0,21,0.688461538461538,0.151785714285714,0.445333333333333,122.666666666667,42.3780487804878,63.743676222597,3.28
23_061,21_238,0.534376121710799,8,27,1,0,0,0,0,1,0,0,0,0,0,0,0,0,0,0,0,0,1,0,0,0,0,0,0,0,0,0,0,0,0,0,0,0,0,0,0,0,0,0,0,0,0,0,0,0,0,0,0,21,0.642307692307692,0.141025641025641,0.479,98,42.962962962963,58.4942084942085,4.05
23_040,21_238,0.701914828855253,8,27,1,0,0,0,0,1,0,0,0,0,0,0,0,0,0,0,0,0,1,0,0,0,0,0,0,0,0,0,0,0,0,0,0,0,0,0,0,0,0,0,0,0,0,0,0,0,0,0,0,21,0.673076923076923,0.128571428571429,0.467333333333333,92.6666666666667,29.0140845070422,72.5663716814159,3.55
23_064,21_238,0.447477720321267,8,27,1,0,0,0,0,1,0,0,0,0,0,0,0,0,0,0,0,0,1,0,0,0,0,0,0,0,0,0,0,0,0,0,0,0,0,0,0,0,0,0,0,0,0,0,0,0,0,0,0,21,0.496153846153846,0.12962962962963,0.413,114.666666666667,31.3888888888889,44.0273037542662,3.6
23_042,21_238,0.567911832304156,8,27,1,0,0,0,0,1,0,0,0,0,0,0,0,0,0,0,0,0,1,0,0,0,0,0,0,0,0,0,0,0,0,0,0,0,0,0,0,0,0,0,0,0,0,0,0,0,0,0,0,21,0.565384615384615,0.133971291866029,0.437333333333333,96,33.1378299120235,57.395498392283,3.41
23_078,21_238,0.482033963192868,8,27,1,0,0,0,0,1,0,0,0,0,0,0,0,0,0,0,0,0,1,0,0,0,0,0,0,0,0,0,0,0,0,0,0,0,0,0,0,0,0,0,0,0,0,0,0,0,0,0,0,21,0.6,0.109195402298851,0.487,106,37.2990353697749,47.2727272727273,3.11
23_066,21_238,0.486661000219346,8,24,1,0,0,0,0,1,0,0,0,0,0,0,0,0,0,0,0,0,0,1,0,0,0,0,0,0,0,0,0,0,0,0,0,0,0,0,0,0,0,0,0,0,0,0,0,0,0,0,0,21,0.911538461538462,0.106194690265487,0.471333333333333,85.3333333333333,NA,71.0982658959538,4.412
23_199,21_238,0.457197157494629,8,22,1,0,0,0,0,1,0,0,0,0,0,0,0,0,0,0,0,0,0,0,0,0,0,0,0,0,0,0,0,0,0,0,1,0,0,0,0,0,0,0,0,0,0,0,0,0,0,0,0,21,0.426923076923077,0.147058823529412,0.442,92,17.9220779220779,19.2644483362522,3.85
23_195,21_238,0.564102915387988,9,19,1,0,0,0,0,0,1,0,0,0,0,0,0,0,0,0,0,0,0,0,1,0,0,0,0,0,0,0,0,0,0,0,0,0,0,0,0,0,0,0,0,0,0,0,0,0,0,0,0,12,0.457692307692308,0.12621359223301,0.455666666666667,121.333333333333,47.4474474474474,63.0114566284779,3.33
22_200,21_238,0.405788984810403,9,19,1,0,0,0,0,0,1,0,0,0,0,0,0,0,0,0,0,0,0,0,1,0,0,0,0,0,0,0,0,0,0,0,0,0,0,0,0,0,0,0,0,0,0,0,0,0,0,0,0,12,0.261538461538462,0.119718309859155,0.547333333333333,110,48.2179226069246,52.1381578947368,3.928
23_191,21_238,0.305163539764237,9,19,1,0,0,0,0,0,1,0,0,0,0,0,0,0,0,0,0,0,0,0,1,0,0,0,0,0,0,0,0,0,0,0,0,0,0,0,0,0,0,0,0,0,0,0,0,0,0,0,0,12,0.411538461538462,0.131086142322097,0.485333333333333,80,32.7485380116959,42.1792618629174,3.42
23_165,21_238,0.581148943215054,9,21,1,0,0,0,0,0,1,0,0,0,0,0,0,0,0,0,0,0,0,0,0,0,0,0,0,0,1,0,0,0,0,0,0,0,0,0,0,0,0,0,0,0,0,0,0,0,0,0,0,12,NA,0.118764845605701,0.46,96,26.0623229461756,45.8333333333333,3.53
23_193,21_238,0.474829913310655,9,19,1,0,0,0,0,0,1,0,0,0,0,0,0,0,0,0,0,0,0,0,1,0,0,0,0,0,0,0,0,0,0,0,0,0,0,0,0,0,0,0,0,0,0,0,0,0,0,0,0,12,0.434615384615385,0.137440758293839,0.501,122,41.4239482200647,61.3175675675676,3.09
23_182,21_238,0.699643249176729,9,21,1,0,0,0,0,0,1,0,0,0,0,0,0,0,0,0,0,0,0,0,0,0,0,0,0,0,1,0,0,0,0,0,0,0,0,0,0,0,0,0,0,0,0,0,0,0,0,0,0,12,0.453846153846154,0.130666666666667,0.465,112,31.0030395136778,43.3441558441558,3.29
23_172,21_238,0.534667874893594,9,19,1,0,0,0,0,0,1,0,0,0,0,0,0,0,0,0,0,0,0,0,1,0,0,0,0,0,0,0,0,0,0,0,0,0,0,0,0,0,0,0,0,0,0,0,0,0,0,0,0,12,0.407692307692308,0.125,0.516,104.666666666667,35.5882352941176,59.6491228070175,3.4
23_201,21_238,0.540272123712467,9,22,1,0,0,0,0,0,1,0,0,0,0,0,0,0,0,0,0,0,0,0,0,0,0,0,0,0,0,0,0,0,0,0,1,0,0,0,0,0,0,0,0,0,0,0,0,0,0,0,0,19,0.476923076923077,0.108108108108108,0.438333333333333,115.333333333333,31.8734793187348,59.3810444874275,4.11
23_071,21_238,0.51600164541341,9,24,1,0,0,0,0,0,1,0,0,0,0,0,0,0,0,0,0,0,0,1,0,0,0,0,0,0,0,0,0,0,0,0,0,0,0,0,0,0,0,0,0,0,0,0,0,0,0,0,0,19,0.792307692307692,0.119496855345912,0.419,99.3333333333333,NA,51.5254237288136,3.82
23_222,21_238,0.595606283750614,9,24,1,0,0,0,0,0,1,0,0,0,0,0,0,0,0,0,0,0,0,1,0,0,0,0,0,0,0,0,0,0,0,0,0,0,0,0,0,0,0,0,0,0,0,0,0,0,0,0,0,19,0.530769230769231,0.096551724137931,0.522333333333333,126,NA,51.214953271028,3.617
23_171,21_238,0.549145415824824,9,19,1,0,0,0,0,0,1,0,0,0,0,0,0,0,0,0,0,0,0,0,1,0,0,0,0,0,0,0,0,0,0,0,0,0,0,0,0,0,0,0,0,0,0,0,0,0,0,0,0,12,0.480769230769231,0.134328358208955,0.568333333333333,121.333333333333,53.1830855018587,51.52,4.304
23_096,21_238,0.345844504021448,9,24,1,0,0,0,0,0,1,0,0,0,0,0,0,0,0,0,0,0,0,1,0,0,0,0,0,0,0,0,0,0,0,0,0,0,0,0,0,0,0,0,0,0,0,0,0,0,0,0,0,19,0.538461538461538,0.134529147982063,0.472666666666667,83.3333333333333,48.8284406140587,44.4810543657331,3.713
23_177,21_238,0.630432933571489,9,22,1,0,0,0,0,0,1,0,0,0,0,0,0,0,0,0,0,0,0,0,0,0,0,0,0,0,0,0,0,0,0,0,1,0,0,0,0,0,0,0,0,0,0,0,0,0,0,0,0,19,0.369230769230769,0.0878048780487805,0.481333333333333,112.666666666667,47.1976401179941,72.1442885771543,3.39
23_114,21_238,0.566580318020228,9,27,1,0,0,0,0,0,1,0,0,0,0,0,0,0,0,0,0,0,1,0,0,0,0,0,0,0,0,0,0,0,0,0,0,0,0,0,0,0,0,0,0,0,0,0,0,0,0,0,0,19,0.653846153846154,0.115151515151515,0.448,121.333333333333,57.3426573426573,36.9606003752345,4.29
23_202,21_238,0.708079954187232,9,22,1,0,0,0,0,0,1,0,0,0,0,0,0,0,0,0,0,0,0,0,0,0,0,0,0,0,0,0,0,0,0,0,1,0,0,0,0,0,0,0,0,0,0,0,0,0,0,0,0,19,0.503846153846154,0.132275132275132,0.438,99.3333333333333,34.6704871060172,48.8679245283019,3.49
23_113,21_238,0.32946848027969,9,24,1,0,0,0,0,0,1,0,0,0,0,0,0,0,0,0,0,0,0,1,0,0,0,0,0,0,0,0,0,0,0,0,0,0,0,0,0,0,0,0,0,0,0,0,0,0,0,0,0,19,0.546153846153846,0.0818181818181818,0.459,82.6666666666667,NA,70.3629032258064,3.684
23_123,21_238,0.333450733988899,9,27,1,0,0,0,0,0,1,0,0,0,0,0,0,0,0,0,0,0,1,0,0,0,0,0,0,0,0,0,0,0,0,0,0,0,0,0,0,0,0,0,0,0,0,0,0,0,0,0,0,19,0.657692307692308,0.0903614457831325,0.423333333333333,102,28.6713286713287,57.7405857740586,4.29
23_026,21_238,0.547417917384292,9,24,1,0,0,0,0,0,1,0,0,0,0,0,0,0,0,0,0,0,0,1,0,0,0,0,0,0,0,0,0,0,0,0,0,0,0,0,0,0,0,0,0,0,0,0,0,0,0,0,0,19,0.646153846153846,0.120481927710843,0.426,118.666666666667,NA,86.1940298507463,NA
23_097,21_238,0.590217956080619,9,24,1,0,0,0,0,0,1,0,0,0,0,0,0,0,0,0,0,0,0,1,0,0,0,0,0,0,0,0,0,0,0,0,0,0,0,0,0,0,0,0,0,0,0,0,0,0,0,0,0,19,0.580769230769231,0.136690647482014,0.462,120,NA,55.249569707401,3.685
23_049,21_238,0.637591663450405,9,27,1,0,0,0,0,0,1,0,0,0,0,0,0,0,0,0,0,0,1,0,0,0,0,0,0,0,0,0,0,0,0,0,0,0,0,0,0,0,0,0,0,0,0,0,0,0,0,0,0,19,0.607692307692308,0.119760479041916,0.432333333333333,94,49.862258953168,45.7092819614711,3.63
22_233,21_238,0.51364771075083,9,22,1,0,0,0,0,0,1,0,0,0,0,0,0,0,0,0,0,0,0,0,0,0,0,0,0,0,0,0,0,0,0,0,1,0,0,0,0,0,0,0,0,0,0,0,0,0,0,0,0,19,0.503846153846154,0.12,0.495333333333333,60,50.2873563218391,54.6279491833031,3.48
23_017,21_238,0.678655027125272,9,27,1,0,0,0,0,0,1,0,0,0,0,0,0,0,0,0,0,0,1,0,0,0,0,0,0,0,0,0,0,0,0,0,0,0,0,0,0,0,0,0,0,0,0,0,0,0,0,0,0,21,0.461538461538462,0.13986013986014,0.420333333333333,131.333333333333,15.9144893111639,37.1859296482412,4.21
23_131,21_238,0.659730806207938,9,24,1,0,0,0,0,0,1,0,0,0,0,0,0,0,0,0,0,0,0,1,0,0,0,0,0,0,0,0,0,0,0,0,0,0,0,0,0,0,0,0,0,0,0,0,0,0,0,0,0,23,0.507692307692308,NA,0.488666666666667,107.333333333333,NA,52.3719165085389,4.108
23_073,21_238,0.197389706890406,9,25,1,0,0,0,0,0,1,0,0,0,0,0,0,0,0,0,0,0,0,0,0,1,0,0,0,0,0,0,0,0,0,0,0,0,0,0,0,0,0,0,0,0,0,0,0,0,0,0,0,26,0.580769230769231,0.091743119266055,0.505333333333333,138,43.9353099730458,14.9162861491629,4.452
23_044,21_238,0.198803409463447,9,25,1,0,0,0,0,0,1,0,0,0,0,0,0,0,0,0,0,0,0,0,0,1,0,0,0,0,0,0,0,0,0,0,0,0,0,0,0,0,0,0,0,0,0,0,0,0,0,0,0,26,0.511538461538462,0.0796019900497513,0.48,118.666666666667,30.1776649746193,40.9465020576132,3.94
23_139,21_238,0.348493563407286,9,24,1,0,0,0,0,0,1,0,0,0,0,0,0,0,0,0,0,0,0,1,0,0,0,0,0,0,0,0,0,0,0,0,0,0,0,0,0,0,0,0,0,0,0,0,0,0,0,0,0,26,0.707692307692308,0.124223602484472,0.491666666666667,122,44.2516770761046,31.8548387096774,4.323
23_087,21_238,0.532162383816293,9,25,1,0,0,0,0,0,1,0,0,0,0,0,0,0,0,0,0,0,0,0,0,1,0,0,0,0,0,0,0,0,0,0,0,0,0,0,0,0,0,0,0,0,0,0,0,0,0,0,0,26,0.584615384615385,0.114814814814815,0.486,69.3333333333333,59.7682871422081,57.9759862778731,4.402
23_038,21_238,0.657448275862069,9,25,1,0,0,0,0,0,1,0,0,0,0,0,0,0,0,0,0,0,0,0,0,1,0,0,0,0,0,0,0,0,0,0,0,0,0,0,0,0,0,0,0,0,0,0,0,0,0,0,0,26,0.684615384615385,0.134328358208955,0.500333333333333,102,48.5903814262023,48.9583333333333,3.618
23_086,21_238,0.598757935412641,9,25,1,0,0,0,0,0,1,0,0,0,0,0,0,0,0,0,0,0,0,0,0,1,0,0,0,0,0,0,0,0,0,0,0,0,0,0,0,0,0,0,0,0,0,0,0,0,0,0,0,26,0.834615384615385,0.0939597315436242,0.488,97.3333333333333,65.8645043159822,65.3409090909091,3.823
23_106,21_238,0.670661553211889,9,25,1,0,0,0,0,0,1,0,0,0,0,0,0,0,0,0,0,0,0,0,0,1,0,0,0,0,0,0,0,0,0,0,0,0,0,0,0,0,0,0,0,0,0,0,0,0,0,0,0,26,0.703846153846154,0.135416666666667,0.519666666666667,118.666666666667,56.0471320586928,53.2182103610675,4.498
23_230,21_238,0.472716049382716,9,25,1,0,0,0,0,0,1,0,0,0,0,0,0,0,0,0,0,0,0,0,0,1,0,0,0,0,0,0,0,0,0,0,0,0,0,0,0,0,0,0,0,0,0,0,0,0,0,0,0,26,0.35,0.102941176470588,0.457333333333333,110,57.3681616559882,55.7098765432099,4.058
23_108,21_238,0.536501734925275,9,25,1,0,0,0,0,0,1,0,0,0,0,0,0,0,0,0,0,0,0,0,0,1,0,0,0,0,0,0,0,0,0,0,0,0,0,0,0,0,0,0,0,0,0,0,0,0,0,0,0,28,0.853846153846154,0.117283950617284,0.495666666666667,110.666666666667,61.6380324782302,36.0281195079086,4.249
23_117,21_238,0.541395412718033,9,25,1,0,0,0,0,0,1,0,0,0,0,0,0,0,0,0,0,0,0,0,0,1,0,0,0,0,0,0,0,0,0,0,0,0,0,0,0,0,0,0,0,0,0,0,0,0,0,0,0,28,0.753846153846154,0.145161290322581,0.507666666666667,126,47.7202797202797,40.7704654895666,3.575
23_092,21_238,0.5312756526022,9,25,1,0,0,0,0,0,1,0,0,0,0,0,0,0,0,0,0,0,0,0,0,1,0,0,0,0,0,0,0,0,0,0,0,0,0,0,0,0,0,0,0,0,0,0,0,0,0,0,0,28,0.615384615384615,0.125925925925926,0.454,105.333333333333,43.8387096774194,48.9038785834739,3.1
23_037,21_238,0.551827650721845,9,25,1,0,0,0,0,0,1,0,0,0,0,0,0,0,0,0,0,0,0,0,0,1,0,0,0,0,0,0,0,0,0,0,0,0,0,0,0,0,0,0,0,0,0,0,0,0,0,0,0,28,0.584615384615385,0.0967741935483871,0.474333333333333,116,46.9813391877058,32.5503355704698,3.644
23_093,21_238,0.572703419247274,9,25,1,0,0,0,0,0,1,0,0,0,0,0,0,0,0,0,0,0,0,0,0,1,0,0,0,0,0,0,0,0,0,0,0,0,0,0,0,0,0,0,0,0,0,0,0,0,0,0,0,28,0.715384615384615,0.148148148148148,0.489,108,52.0787139689579,56.8333333333333,3.608
23_090,21_238,0.395321717656743,9,25,1,0,0,0,0,0,1,0,0,0,0,0,0,0,0,0,0,0,0,0,0,1,0,0,0,0,0,0,0,0,0,0,0,0,0,0,0,0,0,0,0,0,0,0,0,0,0,0,0,30,0.742307692307692,0.120689655172414,0.437666666666667,116,51.622192359378,24.5487364620939,5.209
23_088,21_238,0.558671637669152,9,25,1,0,0,0,0,0,1,0,0,0,0,0,0,0,0,0,0,0,0,0,0,1,0,0,0,0,0,0,0,0,0,0,0,0,0,0,0,0,0,0,0,0,0,0,0,0,0,0,0,30,0.6,0.12280701754386,0.457333333333333,96.6666666666667,63.0463003028992,77.7777777777778,4.622
23_109,21_238,0.556523299469965,9,26,1,0,0,0,0,0,1,0,0,0,0,0,0,0,0,0,0,0,0,0,0,0,1,0,0,0,0,0,0,0,0,0,0,0,0,0,0,0,0,0,0,0,0,0,0,0,0,0,0,30,0.726923076923077,0.125,0.494666666666667,142.666666666667,43.598615916955,78.5714285714286,2.89
23_129,21_238,0.504940091159693,9,25,1,0,0,0,0,0,1,0,0,0,0,0,0,0,0,0,0,0,0,0,0,1,0,0,0,0,0,0,0,0,0,0,0,0,0,0,0,0,0,0,0,0,0,0,0,0,0,0,0,30,0.642307692307692,0.128755364806867,0.487333333333333,102.666666666667,48.7876727849535,49.3543758967002,4.413
23_101,21_238,0.472617999779954,9,25,1,0,0,0,0,0,1,0,0,0,0,0,0,0,0,0,0,0,0,0,0,1,0,0,0,0,0,0,0,0,0,0,0,0,0,0,0,0,0,0,0,0,0,0,0,0,0,0,0,33,0.611538461538462,0.107913669064748,0.492333333333333,109.333333333333,48.3903934593766,41.0852713178295,3.914
23_027,21_238,0.30077284018769,9,1,1,0,0,0,0,0,1,0,0,0,0,0,0,0,0,0,0,0,0,0,0,0,0,1,0,0,0,0,0,0,0,0,0,0,0,0,0,0,0,0,0,0,0,0,0,0,0,0,0,35,NA,NA,NA,NA,56.6966398485566,52.7272727272727,4.226
23_098,21_238,0.606960550407812,9,26,1,0,0,0,0,0,1,0,0,0,0,0,0,0,0,0,0,0,0,0,0,0,1,0,0,0,0,0,0,0,0,0,0,0,0,0,0,0,0,0,0,0,0,0,0,0,0,0,0,37,0.7,0.121428571428571,0.462666666666667,165.333333333333,67.5335120643432,69.4656488549618,3.73
23_079,21_238,0.439401414241079,9,26,1,0,0,0,0,0,1,0,0,0,0,0,0,0,0,0,0,0,0,0,0,0,1,0,0,0,0,0,0,0,0,0,0,0,0,0,0,0,0,0,0,0,0,0,0,0,0,0,0,40,0.538461538461538,0.112781954887218,0.471666666666667,126,NA,45.0980392156863,NA
23_077,21_238,0.657161258495944,9,26,1,0,0,0,0,0,1,0,0,0,0,0,0,0,0,0,0,0,0,0,0,0,1,0,0,0,0,0,0,0,0,0,0,0,0,0,0,0,0,0,0,0,0,0,0,0,0,0,0,40,0.496153846153846,0.103603603603604,0.465333333333333,141.333333333333,42.2740524781341,36.4077669902913,3.43
23_099,21_238,0.474438170840787,9,26,1,0,0,0,0,0,1,0,0,0,0,0,0,0,0,0,0,0,0,0,0,0,1,0,0,0,0,0,0,0,0,0,0,0,0,0,0,0,0,0,0,0,0,0,0,0,0,0,0,42,0.507692307692308,0.0975609756097561,0.513666666666667,132.666666666667,50,67.5874769797422,2.82
23_083,21_238,0.560270973039551,9,31,1,0,0,0,0,0,1,0,0,0,0,0,0,0,0,0,0,0,0,0,0,0,0,0,0,1,0,0,0,0,0,0,0,0,0,0,0,0,0,0,0,0,0,0,0,0,0,0,0,42,0.392307692307692,0.0775862068965517,0.460666666666667,117.333333333333,50.1492537313433,44.9275362318841,3.35
23_046,21_238,0.507628894788319,9,28,1,0,0,0,0,0,1,0,0,0,0,0,0,0,0,0,0,0,0,0,0,0,0,0,1,0,0,0,0,0,0,0,0,0,0,0,0,0,0,0,0,0,0,0,0,0,0,0,0,49,0.742307692307692,0.094488188976378,0.466333333333333,96.6666666666667,41.5730337078652,49.7363796133568,3.56
23_081,21_238,0.616135126751826,9,28,1,0,0,0,0,0,1,0,0,0,0,0,0,0,0,0,0,0,0,0,0,0,0,0,1,0,0,0,0,0,0,0,0,0,0,0,0,0,0,0,0,0,0,0,0,0,0,0,0,51,0.7,0.112781954887218,0.373666666666667,104,36.2903225806452,50.4672897196262,3.72
23_014,21_238,0.702664758024555,9,30,1,0,0,0,0,0,1,0,0,0,0,0,0,0,0,0,0,0,0,0,0,0,0,0,0,0,0,0,1,0,0,0,0,0,0,0,0,0,0,0,0,0,0,0,0,0,0,0,0,63,0.660714285714286,0.108433734939759,0.408666666666667,77.3333333333333,64.2335766423358,91.9213973799127,2.74
23_007,21_238,0.295675705226328,9,32,1,0,0,0,0,0,1,0,0,0,0,0,0,0,0,0,0,0,0,0,0,0,0,0,0,0,0,0,0,0,0,0,0,1,0,0,0,0,0,0,0,0,0,0,0,0,0,0,0,70,0.548,0.0847457627118644,0.493333333333333,83.3333333333333,30.3571428571429,17.338003502627,3.36
23_006,21_238,0.384724752912595,9,33,1,0,0,0,0,0,1,0,0,0,0,0,0,0,0,0,0,0,0,0,0,0,0,0,0,0,0,0,0,0,0,0,0,0,1,0,0,0,0,0,0,0,0,0,0,0,0,0,0,84,0.688,NA,NA,NA,45.1807228915663,60.4562737642585,3.32
23_047,21_238,0.531790556334736,9,1,1,0,0,0,0,0,1,0,0,0,0,0,0,0,0,0,0,0,0,0,0,0,0,1,0,0,0,0,0,0,0,0,0,0,0,0,0,0,0,0,0,0,0,0,0,0,0,0,0,84,NA,NA,NA,NA,NA,96.7370441458733,NA
23_004,21_238,0.46732970027248,9,33,1,0,0,0,0,0,1,0,0,0,0,0,0,0,0,0,0,0,0,0,0,0,0,0,0,0,0,0,0,0,0,0,0,0,1,0,0,0,0,0,0,0,0,0,0,0,0,0,0,96,0.54,NA,NA,NA,38.0782918149466,64.6186440677966,2.81
23_155,21_238,0.366884977486697,9,8,1,0,0,0,0,0,1,0,0,0,0,0,0,0,0,0,0,0,0,0,0,0,0,0,0,0,0,0,0,0,0,1,0,0,0,0,0,0,0,0,0,0,0,0,0,0,0,0,0,187,0.164,NA,NA,NA,50.8163265306122,46.2406015037594,3.92
23_154,21_238,0.570713548782868,9,7,1,0,0,0,0,0,1,0,0,0,0,0,0,0,0,0,0,0,0,0,0,0,0,0,0,0,0,0,0,0,1,0,0,0,0,0,0,0,0,0,0,0,0,0,0,0,0,0,0,191,0.284,NA,NA,NA,NA,94.90022172949,NA
23_184,21_238,0.55425805392988,9,21,1,0,0,0,0,0,1,0,0,0,0,0,0,0,0,0,0,0,0,0,0,0,0,0,0,0,1,0,0,0,0,0,0,0,0,0,0,0,0,0,0,0,0,0,0,0,0,0,0,14,0.55,0.121546961325967,0.511333333333333,119.333333333333,42.7397260273973,42.6146010186757,3.65
23_168,21_238,0.723156285823462,9,21,1,0,0,0,0,0,1,0,0,0,0,0,0,0,0,0,0,0,0,0,0,0,0,0,0,0,1,0,0,0,0,0,0,0,0,0,0,0,0,0,0,0,0,0,0,0,0,0,0,14,0.55,0.117333333333333,0.474666666666667,92.6666666666667,45.2449567723343,55.9322033898305,3.47
23_164,21_238,0.315320600272851,9,21,1,0,0,0,0,0,1,0,0,0,0,0,0,0,0,0,0,0,0,0,0,0,0,0,0,0,1,0,0,0,0,0,0,0,0,0,0,0,0,0,0,0,0,0,0,0,0,0,0,14,0.55,0.0911764705882353,0.494333333333333,107.333333333333,17.6300578034682,26.7857142857143,3.46
23_181,21_238,0.366616022099447,9,21,1,0,0,0,0,0,1,0,0,0,0,0,0,0,0,0,0,0,0,0,0,0,0,0,0,0,1,0,0,0,0,0,0,0,0,0,0,0,0,0,0,0,0,0,0,0,0,0,0,14,0.45,0.100840336134454,0.464,76,37.4172185430464,72.0430107526882,3.02
23_142,21_238,0.418390615126789,9,21,1,0,0,0,0,0,1,0,0,0,0,0,0,0,0,0,0,0,0,0,0,0,0,0,0,0,1,0,0,0,0,0,0,0,0,0,0,0,0,0,0,0,0,0,0,0,0,0,0,14,0.588461538461538,0.130769230769231,0.467666666666667,135.333333333333,24.0112994350283,44.1901408450704,3.54
22_211,21_238,0.38459958369851,9,22,1,0,0,0,0,0,1,0,0,0,0,0,0,0,0,0,0,0,0,0,0,0,0,0,0,0,0,0,0,0,0,0,1,0,0,0,0,0,0,0,0,0,0,0,0,0,0,0,0,14,0.326923076923077,0.153153153153153,0.483333333333333,108,21.4285714285714,18.2495344506518,3.64
23_176,21_238,0.563721851026973,9,22,1,0,0,0,0,0,1,0,0,0,0,0,0,0,0,0,0,0,0,0,0,0,0,0,0,0,0,0,0,0,0,0,1,0,0,0,0,0,0,0,0,0,0,0,0,0,0,0,0,14,0.219230769230769,0.160839160839161,0.455,92,23.3082706766917,10.2728731942215,3.99
22_196,21_238,0.508082322475126,9,21,1,0,0,0,0,0,1,0,0,0,0,0,0,0,0,0,0,0,0,0,0,0,0,0,0,0,1,0,0,0,0,0,0,0,0,0,0,0,0,0,0,0,0,0,0,0,0,0,0,14,0.430769230769231,0.110266159695817,0.450333333333333,100,42.5219941348974,56.4727954971857,3.41
23_179,21_238,0.635573419376373,9,21,1,0,0,0,0,0,1,0,0,0,0,0,0,0,0,0,0,0,0,0,0,0,0,0,0,0,1,0,0,0,0,0,0,0,0,0,0,0,0,0,0,0,0,0,0,0,0,0,0,14,0.696153846153846,0.106918238993711,0.465,147.333333333333,35.5932203389831,56.8904593639576,2.95
22_223,21_238,0.299848071350196,9,21,1,0,0,0,0,0,1,0,0,0,0,0,0,0,0,0,0,0,0,0,0,0,0,0,0,0,1,0,0,0,0,0,0,0,0,0,0,0,0,0,0,0,0,0,0,0,0,0,0,14,0.346153846153846,0.114093959731544,0.490666666666667,108.666666666667,NA,53.9823008849557,NA
23_203,21_238,0.411244463885396,9,22,1,0,0,0,0,0,1,0,0,0,0,0,0,0,0,0,0,0,0,0,0,0,0,0,0,0,0,0,0,0,0,0,1,0,0,0,0,0,0,0,0,0,0,0,0,0,0,0,0,16,0.534615384615385,0.115789473684211,0.442333333333333,148.666666666667,31.4024390243902,55.0161812297735,3.28
23_178,21_238,0.346573548668704,9,22,1,0,0,0,0,0,1,0,0,0,0,0,0,0,0,0,0,0,0,0,0,0,0,0,0,0,0,0,0,0,0,0,1,0,0,0,0,0,0,0,0,0,0,0,0,0,0,0,0,16,0.553846153846154,0.140468227424749,0.508,118,56.4405383136501,71.8855218855219,3.641
23_048,21_238,0.577090939035437,9,27,1,0,0,0,0,0,1,0,0,0,0,0,0,0,0,0,0,0,1,0,0,0,0,0,0,0,0,0,0,0,0,0,0,0,0,0,0,0,0,0,0,0,0,0,0,0,0,0,0,16,0.519230769230769,0.103626943005181,0.445,133,39.8963730569948,48.256880733945,3.86
23_023,21_238,0.606027795290699,9,27,1,0,0,0,0,0,1,0,0,0,0,0,0,0,0,0,0,0,1,0,0,0,0,0,0,0,0,0,0,0,0,0,0,0,0,0,0,0,0,0,0,0,0,0,0,0,0,0,0,16,0.553846153846154,0.12962962962963,0.470333333333333,96,20.5655526992288,15.0572831423895,3.89
22_218,21_238,0.581489373326777,9,21,1,0,0,0,0,0,1,0,0,0,0,0,0,0,0,0,0,0,0,0,0,0,0,0,0,0,1,0,0,0,0,0,0,0,0,0,0,0,0,0,0,0,0,0,0,0,0,0,0,16,0.403846153846154,0.116809116809117,0.461333333333333,120.666666666667,NA,73.5567970204842,NA
23_072,21_238,0.56302810117524,9,27,1,0,0,0,0,0,1,0,0,0,0,0,0,0,0,0,0,0,1,0,0,0,0,0,0,0,0,0,0,0,0,0,0,0,0,0,0,0,0,0,0,0,0,0,0,0,0,0,0,16,0.553846153846154,0.122340425531915,0.425666666666667,82.6666666666667,33.9181286549708,80.4347826086957,3.42
23_170,21_238,0.60608561681523,9,21,1,0,0,0,0,0,1,0,0,0,0,0,0,0,0,0,0,0,0,0,0,0,0,0,0,0,1,0,0,0,0,0,0,0,0,0,0,0,0,0,0,0,0,0,0,0,0,0,0,16,0.426923076923077,0.135593220338983,0.469333333333333,134,34.1389728096677,49.1961414790997,3.31
22_205,21_238,0.699650645487049,9,22,1,0,0,0,0,0,1,0,0,0,0,0,0,0,0,0,0,0,0,0,0,0,0,0,0,0,0,0,0,0,0,0,1,0,0,0,0,0,0,0,0,0,0,0,0,0,0,0,0,16,0.642307692307692,0.137214137214137,0.501333333333333,135.333333333333,51.0510510510511,62.280701754386,3.33
23_024,21_238,0.414271257828953,9,27,1,0,0,0,0,0,1,0,0,0,0,0,0,0,0,0,0,0,1,0,0,0,0,0,0,0,0,0,0,0,0,0,0,0,0,0,0,0,0,0,0,0,0,0,0,0,0,0,0,16,0.646153846153846,0.120253164556962,0.416333333333333,76.6666666666667,17.2323759791123,40.4838709677419,3.83
22_306,21_259,0.325673859990677,11,30,0,1,0,0,0,0,0,1,0,0,0,0,0,0,0,0,0,0,0,0,0,0,0,0,0,0,0,0,1,0,0,0,0,0,0,0,0,0,0,0,0,0,0,0,0,0,0,0,0,24,0.317857142857143,0.115384615384615,0.485666666666667,22,NA,NA,NA
22_282,21_259,0.454559350768461,10,26,0,1,0,0,0,0,0,0,1,0,0,0,0,0,0,0,0,0,0,0,0,0,1,0,0,0,0,0,0,0,0,0,0,0,0,0,0,0,0,0,0,0,0,0,0,0,0,0,0,14,0.592307692307692,0.0975609756097561,0.491333333333333,102.666666666667,50,60.6635071090047,3.88
23_060,21_259,0.482082788913291,10,28,0,1,0,0,0,0,0,0,1,0,0,0,0,0,0,0,0,0,0,0,0,0,0,0,1,0,0,0,0,0,0,0,0,0,0,0,0,0,0,0,0,0,0,0,0,0,0,0,0,14,0.557692307692308,0.0967741935483871,0.478,108,44.4108761329305,53.3551554828151,3.31
22_314,21_259,0.295871496924129,10,30,0,1,0,0,0,0,0,0,1,0,0,0,0,0,0,0,0,0,0,0,0,0,0,0,0,0,0,0,1,0,0,0,0,0,0,0,0,0,0,0,0,0,0,0,0,0,0,0,0,14,0.603571428571429,0.0864864864864865,0.473,69.3333333333333,59.5419847328244,81.7972350230415,2.62
22_283,21_259,0.451788293263104,10,31,0,1,0,0,0,0,0,0,1,0,0,0,0,0,0,0,0,0,0,0,0,0,0,0,0,1,0,0,0,0,0,0,0,0,0,0,0,0,0,0,0,0,0,0,0,0,0,0,0,14,0.796153846153846,0.0796019900497513,0.516333333333333,119.333333333333,54.3333333333333,84.9721706864564,3
22_303,21_259,0.423963133640553,10,31,0,1,0,0,0,0,0,0,1,0,0,0,0,0,0,0,0,0,0,0,0,0,0,0,0,1,0,0,0,0,0,0,0,0,0,0,0,0,0,0,0,0,0,0,0,0,0,0,0,14,0.780769230769231,0.102702702702703,0.446666666666667,97.3333333333333,48.5639686684073,65.7706093189964,3.83
22_292,21_259,0.72182064603569,10,28,0,1,0,0,0,0,0,0,1,0,0,0,0,0,0,0,0,0,0,0,0,0,0,0,1,0,0,0,0,0,0,0,0,0,0,0,0,0,0,0,0,0,0,0,0,0,0,0,0,14,0.776923076923077,0.111570247933884,0.412333333333333,119.333333333333,36.5325077399381,45.4022988505747,3.23
22_296,21_259,0.614795463990976,10,31,0,1,0,0,0,0,0,0,1,0,0,0,0,0,0,0,0,0,0,0,0,0,0,0,0,1,0,0,0,0,0,0,0,0,0,0,0,0,0,0,0,0,0,0,0,0,0,0,0,16,0.665384615384615,0.0943396226415094,0.468666666666667,118.666666666667,41.6452442159383,80.7017543859649,3.89
22_301,21_259,0.46520660706498,10,29,0,1,0,0,0,0,0,0,1,0,0,0,0,0,0,0,0,0,0,0,0,0,0,0,0,0,0,1,0,0,0,0,0,0,0,0,0,0,0,0,0,0,0,0,0,0,0,0,0,16,0.630769230769231,0.0747126436781609,0.420333333333333,88,NA,88.4615384615385,NA
23_059,21_259,0.593411428257163,10,29,0,1,0,0,0,0,0,0,1,0,0,0,0,0,0,0,0,0,0,0,0,0,0,0,0,0,0,1,0,0,0,0,0,0,0,0,0,0,0,0,0,0,0,0,0,0,0,0,0,16,0.773076923076923,0.0933333333333333,0.506,119.333333333333,48.1049562682216,82.4159021406728,3.43
22_268,21_259,0.414294007076515,10,31,0,1,0,0,0,0,0,0,1,0,0,0,0,0,0,0,0,0,0,0,0,0,0,0,0,1,0,0,0,0,0,0,0,0,0,0,0,0,0,0,0,0,0,0,0,0,0,0,0,18,0.653846153846154,0.0700934579439252,0.454666666666667,101.333333333333,54.1353383458647,59.047619047619,3.99
22_287,21_259,0.621178586249827,10,28,0,1,0,0,0,0,0,0,1,0,0,0,0,0,0,0,0,0,0,0,0,0,0,0,1,0,0,0,0,0,0,0,0,0,0,0,0,0,0,0,0,0,0,0,0,0,0,0,0,18,0.719230769230769,0.0943396226415094,0.467,108,45.983379501385,70.0348432055749,3.61
23_225,21_259,0.608826342396502,10,28,0,1,0,0,0,0,0,0,1,0,0,0,0,0,0,0,0,0,0,0,0,0,0,0,1,0,0,0,0,0,0,0,0,0,0,0,0,0,0,0,0,0,0,0,0,0,0,0,0,18,0.603846153846154,0.0964912280701754,0.487333333333333,105.333333333333,51.4619883040936,57.9130434782609,3.42
22_265,21_259,0.553766698801818,10,1,0,1,0,0,0,0,0,0,1,0,0,0,0,0,0,0,0,0,0,0,0,0,0,1,0,0,0,0,0,0,0,0,0,0,0,0,0,0,0,0,0,0,0,0,0,0,0,0,0,44,NA,NA,NA,NA,NA,NA,NA
22_288,21_259,0.584948207635009,11,28,0,1,0,0,0,0,0,1,0,0,0,0,0,0,0,0,0,0,0,0,0,0,0,0,1,0,0,0,0,0,0,0,0,0,0,0,0,0,0,0,0,0,0,0,0,0,0,0,0,14,0.576923076923077,0.0963855421686747,0.437333333333333,106,49.0430622009569,62.7868852459016,4.18
22_285,21_259,0.721541279233587,11,31,0,1,0,0,0,0,0,1,0,0,0,0,0,0,0,0,0,0,0,0,0,0,0,0,0,1,0,0,0,0,0,0,0,0,0,0,0,0,0,0,0,0,0,0,0,0,0,0,0,12,0.857692307692308,0.112033195020747,0.385833333333333,134,51.7460317460317,82.8250401284109,3.15
22_286,21_259,0.440146715571857,11,28,0,1,0,0,0,0,0,1,0,0,0,0,0,0,0,0,0,0,0,0,0,0,0,0,1,0,0,0,0,0,0,0,0,0,0,0,0,0,0,0,0,0,0,0,0,0,0,0,0,12,0.692307692307692,0.101522842639594,0.423666666666667,92,37.3711340206185,67.262969588551,3.88
22_319,21_259,0.449859766827981,11,30,0,1,0,0,0,0,0,1,0,0,0,0,0,0,0,0,0,0,0,0,0,0,0,0,0,0,0,0,1,0,0,0,0,0,0,0,0,0,0,0,0,0,0,0,0,0,0,0,0,17,0.585714285714286,0.104545454545455,0.514666666666667,122,14.8409893992933,88.7301587301587,2.83
23_215,21_259,0.544473806086033,11,30,0,1,0,0,0,0,0,1,0,0,0,0,0,0,0,0,0,0,0,0,0,0,0,0,0,0,0,0,1,0,0,0,0,0,0,0,0,0,0,0,0,0,0,0,0,0,0,0,0,19,0.807142857142857,0.106666666666667,0.452333333333333,118.666666666667,53.0249110320285,86.3436123348018,2.81
22_315,21_259,0.553712674822782,11,30,0,1,0,0,0,0,0,1,0,0,0,0,0,0,0,0,0,0,0,0,0,0,0,0,0,0,0,0,1,0,0,0,0,0,0,0,0,0,0,0,0,0,0,0,0,0,0,0,0,21,0.589285714285714,0.087557603686636,0.466666666666667,76,52.7868852459016,91.7675544794189,3.05
23_022,21_259,0.509526543108633,11,29,0,1,0,0,0,0,0,1,0,0,0,0,0,0,0,0,0,0,0,0,0,0,0,0,0,0,0,1,0,0,0,0,0,0,0,0,0,0,0,0,0,0,0,0,0,0,0,0,0,5,0.719230769230769,0.105882352941176,0.460333333333333,114,58.0246913580247,93.6293436293436,3.24
23_020,21_259,0.570590844816591,11,29,0,1,0,0,0,0,0,1,0,0,0,0,0,0,0,0,0,0,0,0,0,0,0,0,0,0,0,1,0,0,0,0,0,0,0,0,0,0,0,0,0,0,0,0,0,0,0,0,0,24,0.673076923076923,0.0709677419354839,0.415,80,60.6666666666667,80.2690582959641,3
22_313,21_259,0.492436675966957,12,30,0,1,0,0,0,0,0,0,0,1,0,0,0,0,0,0,0,0,0,0,0,0,0,0,0,0,0,0,1,0,0,0,0,0,0,0,0,0,0,0,0,0,0,0,0,0,0,0,0,14,0.560714285714286,0.0917874396135266,0.486666666666667,105.333333333333,59.5833333333333,93.1116389548694,2.4
22_308,21_259,0.361775212970596,12,32,0,1,0,0,0,0,0,0,0,1,0,0,0,0,0,0,0,0,0,0,0,0,0,0,0,0,0,0,0,0,0,0,0,1,0,0,0,0,0,0,0,0,0,0,0,0,0,0,0,14,0.628,0.0709219858156028,0.458,82.6666666666667,46.8208092485549,73.2931726907631,3.46
22_270,21_259,0.382873610539317,12,32,0,1,0,0,0,0,0,0,0,1,0,0,0,0,0,0,0,0,0,0,0,0,0,0,0,0,0,0,0,0,0,0,0,1,0,0,0,0,0,0,0,0,0,0,0,0,0,0,0,14,0.496,0.0939226519337017,0.450333333333333,105.333333333333,29.3333333333333,55.9322033898305,3
22_264,21_259,0.415670431747602,12,32,0,1,0,0,0,0,0,0,0,1,0,0,0,0,0,0,0,0,0,0,0,0,0,0,0,0,0,0,0,0,0,0,0,1,0,0,0,0,0,0,0,0,0,0,0,0,0,0,0,14,0.78,0.0723981900452489,0.479666666666667,128,39.9293286219081,52.0871143375681,2.83
22_273,21_259,0.48911704312115,12,32,0,1,0,0,0,0,0,0,0,1,0,0,0,0,0,0,0,0,0,0,0,0,0,0,0,0,0,0,0,0,0,0,0,1,0,0,0,0,0,0,0,0,0,0,0,0,0,0,0,14,0.568,0.0913461538461538,0.511333333333333,128.666666666667,30.6990881458967,41.0606060606061,3.29
22_309,21_259,0.413767518549052,12,32,0,1,0,0,0,0,0,0,0,1,0,0,0,0,0,0,0,0,0,0,0,0,0,0,0,0,0,0,0,0,0,0,0,1,0,0,0,0,0,0,0,0,0,0,0,0,0,0,0,23,0.504,0.0868596881959911,0.428333333333333,100,39.5424836601307,48.5714285714286,3.06
22_275,21_259,NA,12,33,0,1,0,0,0,0,0,0,0,1,0,0,0,0,0,0,0,0,0,0,0,0,0,0,0,0,0,0,0,0,0,0,0,0,1,0,0,0,0,0,0,0,0,0,0,0,0,0,0,23,0.732,NA,NA,NA,45.7564575645756,70.8719851576994,2.71
22_310,21_259,0.627378969500041,12,32,0,1,0,0,0,0,0,0,0,1,0,0,0,0,0,0,0,0,0,0,0,0,0,0,0,0,0,0,0,0,0,0,0,1,0,0,0,0,0,0,0,0,0,0,0,0,0,0,0,25,0.824,0.0980392156862745,0.411,76.6666666666667,30.4918032786885,69.1202872531418,3.05
22_311,21_259,0.491383797704173,12,32,0,1,0,0,0,0,0,0,0,1,0,0,0,0,0,0,0,0,0,0,0,0,0,0,0,0,0,0,0,0,0,0,0,1,0,0,0,0,0,0,0,0,0,0,0,0,0,0,0,18,0.656,0.0940766550522648,0.485,87.3333333333333,49.4949494949495,53.0578512396694,2.97
22_271,21_259,0.53294404026038,12,32,0,1,0,0,0,0,0,0,0,1,0,0,0,0,0,0,0,0,0,0,0,0,0,0,0,0,0,0,0,0,0,0,0,1,0,0,0,0,0,0,0,0,0,0,0,0,0,0,0,23,1.036,0.107954545454545,0.460666666666667,120,44.4444444444444,58.2689335394127,3.33
22_274,21_259,0.546399649813964,12,34,0,1,0,0,0,0,0,0,0,1,0,0,0,0,0,0,0,0,0,0,0,0,0,0,0,0,0,0,0,1,0,0,0,0,0,0,0,0,0,0,0,0,0,0,0,0,0,0,0,32,0.708,NA,NA,NA,71.2946079708257,87.5243664717349,3.839
23_156,21_241,0.538762650372351,15,7,0,0,1,0,0,0,0,0,0,0,1,0,0,0,0,0,0,0,0,0,0,0,0,0,0,0,0,0,0,0,1,0,0,0,0,0,0,0,0,0,0,0,0,0,0,0,0,0,0,47,0.064,NA,NA,NA,NA,74.1293532338309,4.202
23_145,21_241,0.470916789703875,15,5,0,0,1,0,0,0,0,0,0,0,1,0,0,0,0,0,0,0,0,0,0,0,0,0,0,0,0,0,0,0,0,0,0,0,0,1,0,0,0,0,0,0,0,0,0,0,0,0,0,56,0.44,NA,0.372333333333333,37.3333333333333,60.6137607505864,38.5046728971963,5.116
23_146,21_241,0.609280079166552,15,9,0,0,1,0,0,0,0,0,0,0,1,0,0,0,0,0,0,0,0,0,0,0,0,0,0,0,0,0,0,0,0,0,0,0,0,0,1,0,0,0,0,0,0,0,0,0,0,0,0,63,0.12,0.141716566866267,0.497666666666667,48.6666666666667,58.1818181818182,81.9277108433735,5.5
23_148,21_241,0.378200218818381,15,7,0,0,1,0,0,0,0,0,0,0,1,0,0,0,0,0,0,0,0,0,0,0,0,0,0,0,0,0,0,0,1,0,0,0,0,0,0,0,0,0,0,0,0,0,0,0,0,0,0,68,0.176,NA,NA,NA,NA,84.1688654353562,NA
23_151,21_241,0.596862284606352,15,7,0,0,1,0,0,0,0,0,0,0,1,0,0,0,0,0,0,0,0,0,0,0,0,0,0,0,0,0,0,0,1,0,0,0,0,0,0,0,0,0,0,0,0,0,0,0,0,0,0,68,0.18,NA,NA,NA,64.8351648351648,87.2509960159363,4.368
23_162,21_241,0.679683861600416,15,8,0,0,1,0,0,0,0,0,0,0,1,0,0,0,0,0,0,0,0,0,0,0,0,0,0,0,0,0,0,0,0,1,0,0,0,0,0,0,0,0,0,0,0,0,0,0,0,0,0,68,0.1,NA,NA,NA,52.9140688533478,71.9921104536489,3.689
23_152,21_241,0.64403567143013,15,7,0,0,1,0,0,0,0,0,0,0,1,0,0,0,0,0,0,0,0,0,0,0,0,0,0,0,0,0,0,0,1,0,0,0,0,0,0,0,0,0,0,0,0,0,0,0,0,0,0,72,0.176,NA,NA,NA,NA,81.1460258780037,3.69
23_206,21_241,0.545298352787171,15,6,0,0,1,0,0,0,0,0,0,0,1,0,0,0,0,0,0,0,0,0,0,0,0,0,0,0,0,0,0,0,0,0,0,0,0,0,0,1,0,0,0,0,0,0,0,0,0,0,0,72,0.268,NA,0.440333333333333,64.6666666666667,80.4592314901593,87.750556792873,4.268
23_153,21_241,0.725081308590013,15,7,0,0,1,0,0,0,0,0,0,0,1,0,0,0,0,0,0,0,0,0,0,0,0,0,0,0,0,0,0,0,1,0,0,0,0,0,0,0,0,0,0,0,0,0,0,0,0,0,0,79,0.328,NA,NA,NA,62.3496288712567,86.9718309859155,3.907
23_161,21_241,0.666505524861878,15,8,0,0,1,0,0,0,0,0,0,0,1,0,0,0,0,0,0,0,0,0,0,0,0,0,0,0,0,0,0,0,0,1,0,0,0,0,0,0,0,0,0,0,0,0,0,0,0,0,0,89,0.224,NA,NA,NA,64.0240842950326,99.0867579908676,3.986
23_074,21_284,0.489804587935429,13,29,0,0,0,1,0,0,0,0,0,0,0,1,0,0,0,0,0,0,0,0,0,0,0,0,0,0,0,1,0,0,0,0,0,0,0,0,0,0,0,0,0,0,0,0,0,0,0,0,0,14,0.484615384615385,0.123711340206186,0.486,56.6666666666667,31.1827956989247,66.8941979522184,3.72
22_284,21_284,0.542266488115166,13,31,0,0,0,1,0,0,0,0,0,0,0,1,0,0,0,0,0,0,0,0,0,0,0,0,0,1,0,0,0,0,0,0,0,0,0,0,0,0,0,0,0,0,0,0,0,0,0,0,0,14,0.442307692307692,0.112676056338028,0.494333333333333,100,30.3030303030303,53.5816618911175,3.96
22_304,21_284,0.523167764686586,13,31,0,0,0,1,0,0,0,0,0,0,0,1,0,0,0,0,0,0,0,0,0,0,0,0,0,1,0,0,0,0,0,0,0,0,0,0,0,0,0,0,0,0,0,0,0,0,0,0,0,14,0.342307692307692,0.106481481481481,0.371333333333333,73.3333333333333,25.90799031477,50.0682128240109,4.13
23_028,21_284,0.520367357069969,13,31,0,0,0,1,0,0,0,0,0,0,0,1,0,0,0,0,0,0,0,0,0,0,0,0,0,1,0,0,0,0,0,0,0,0,0,0,0,0,0,0,0,0,0,0,0,0,0,0,0,14,0.257692307692308,0.0757575757575758,0.438333333333333,56,-1.9073569482289,70.1892744479495,3.67
22_298,21_284,0.557767568487323,13,31,0,0,0,1,0,0,0,0,0,0,0,1,0,0,0,0,0,0,0,0,0,0,0,0,0,1,0,0,0,0,0,0,0,0,0,0,0,0,0,0,0,0,0,0,0,0,0,0,0,14,0.584615384615385,0.11304347826087,0.473666666666667,106.666666666667,33.7047353760446,67.0713201820941,3.59
22_295,21_284,0.503697661772703,13,31,0,0,0,1,0,0,0,0,0,0,0,1,0,0,0,0,0,0,0,0,0,0,0,0,0,1,0,0,0,0,0,0,0,0,0,0,0,0,0,0,0,0,0,0,0,0,0,0,0,14,0.661538461538462,0.0977443609022556,0.451333333333333,107.333333333333,NA,34.010152284264,NA
22_299,21_284,0.544073690866241,13,31,0,0,0,1,0,0,0,0,0,0,0,1,0,0,0,0,0,0,0,0,0,0,0,0,0,1,0,0,0,0,0,0,0,0,0,0,0,0,0,0,0,0,0,0,0,0,0,0,0,14,0.326923076923077,0.0933333333333333,0.440333333333333,124.666666666667,NA,60.8910891089109,NA
22_305,21_284,0.526234101585034,13,31,0,0,0,1,0,0,0,0,0,0,0,1,0,0,0,0,0,0,0,0,0,0,0,0,0,1,0,0,0,0,0,0,0,0,0,0,0,0,0,0,0,0,0,0,0,0,0,0,0,14,0.669230769230769,0.0948275862068966,0.380666666666667,82.6666666666667,27.9545454545455,73.7357259380098,4.4
23_075,21_284,0.644350944957925,13,29,0,0,0,1,0,0,0,0,0,0,0,1,0,0,0,0,0,0,0,0,0,0,0,0,0,0,0,1,0,0,0,0,0,0,0,0,0,0,0,0,0,0,0,0,0,0,0,0,0,16,0.892307692307692,0.152777777777778,0.441666666666667,90.6666666666667,2.41286863270778,79.0528233151184,3.73
22_277,21_284,0.367960122276996,13,30,0,0,0,1,0,0,0,0,0,0,0,1,0,0,0,0,0,0,0,0,0,0,0,0,0,0,0,0,1,0,0,0,0,0,0,0,0,0,0,0,0,0,0,0,0,0,0,0,0,16,0.832142857142857,NA,NA,NA,NA,93.5126582278481,NA
23_055,21_284,0.470136849686963,13,28,0,0,0,1,0,0,0,0,0,0,0,1,0,0,0,0,0,0,0,0,0,0,0,0,1,0,0,0,0,0,0,0,0,0,0,0,0,0,0,0,0,0,0,0,0,0,0,0,0,16,0.703846153846154,0.0892857142857143,0.396333333333333,61.3333333333333,21.2707182320442,57.3712255772647,3.62
22_291,21_284,0.72164392886519,13,29,0,0,0,1,0,0,0,0,0,0,0,1,0,0,0,0,0,0,0,0,0,0,0,0,0,0,0,1,0,0,0,0,0,0,0,0,0,0,0,0,0,0,0,0,0,0,0,0,0,18,0.365384615384615,0.0982142857142857,0.463,78.6666666666667,46.4589235127479,92.3076923076923,3.53
23_056,21_284,0.48584945509842,13,29,0,0,0,1,0,0,0,0,0,0,0,1,0,0,0,0,0,0,0,0,0,0,0,0,0,0,0,1,0,0,0,0,0,0,0,0,0,0,0,0,0,0,0,0,0,0,0,0,0,18,0.630769230769231,0.0923076923076923,0.377666666666667,71.3333333333333,31.6546762589928,62.847790507365,4.17
22_312,21_284,0.646020371743129,13,30,0,0,0,1,0,0,0,0,0,0,0,1,0,0,0,0,0,0,0,0,0,0,0,0,0,0,0,0,1,0,0,0,0,0,0,0,0,0,0,0,0,0,0,0,0,0,0,0,0,21,0.439285714285714,0.0945945945945946,0.482666666666667,104,35.978835978836,51.8348623853211,3.78
22_297,21_284,0.379460526697831,13,29,0,0,0,1,0,0,0,0,0,0,0,1,0,0,0,0,0,0,0,0,0,0,0,0,0,0,0,1,0,0,0,0,0,0,0,0,0,0,0,0,0,0,0,0,0,0,0,0,0,21,0.638461538461539,0.0833333333333333,0.404333333333333,77.3333333333333,53.8990825688074,69.6537678207739,4.36
23_124,21_284,0.415247172590102,13,29,0,0,0,1,0,0,0,0,0,0,0,1,0,0,0,0,0,0,0,0,0,0,0,0,0,0,0,1,0,0,0,0,0,0,0,0,0,0,0,0,0,0,0,0,0,0,0,0,0,21,0.284615384615385,0.0991735537190083,0.379666666666667,42,13.3333333333333,42.5818882466281,3.15
22_316,21_284,0.479197663525652,13,30,0,0,0,1,0,0,0,0,0,0,0,1,0,0,0,0,0,0,0,0,0,0,0,0,0,0,0,0,1,0,0,0,0,0,0,0,0,0,0,0,0,0,0,0,0,0,0,0,0,28,0.428571428571429,0.108108108108108,0.483666666666667,102,53.1157270029674,89.1385767790262,3.37
22_318,21_284,0.503507618108079,13,30,0,0,0,1,0,0,0,0,0,0,0,1,0,0,0,0,0,0,0,0,0,0,0,0,0,0,0,0,1,0,0,0,0,0,0,0,0,0,0,0,0,0,0,0,0,0,0,0,0,28,0.528571428571429,NA,0.531333333333333,91.3333333333333,49.6478873239437,77.8508771929825,2.84
22_278,21_284,0.493258613993231,13,30,0,0,0,1,0,0,0,0,0,0,0,1,0,0,0,0,0,0,0,0,0,0,0,0,0,0,0,0,1,0,0,0,0,0,0,0,0,0,0,0,0,0,0,0,0,0,0,0,0,35,0.517857142857143,0.0754716981132075,0.499333333333333,98.6666666666667,30.4,11.7088607594937,2.5
22_267,21_284,0.494881202473592,14,32,0,0,0,1,0,0,0,0,0,0,0,0,1,0,0,0,0,0,0,0,0,0,0,0,0,0,0,0,0,0,0,0,0,1,0,0,0,0,0,0,0,0,0,0,0,0,0,0,0,7,0.72,0.0909090909090909,0.467666666666667,100.666666666667,3.28947368421053,17.6715176715177,3.04
22_266,21_284,0.43928961910109,14,32,0,0,0,1,0,0,0,0,0,0,0,0,1,0,0,0,0,0,0,0,0,0,0,0,0,0,0,0,0,0,0,0,0,1,0,0,0,0,0,0,0,0,0,0,0,0,0,0,0,14,0.764,0.135135135135135,0.378333333333333,90,28.2527881040892,66.9090909090909,2.69
22_279,21_284,0.526462817196015,14,33,0,0,0,1,0,0,0,0,0,0,0,0,1,0,0,0,0,0,0,0,0,0,0,0,0,0,0,0,0,0,0,0,0,0,1,0,0,0,0,0,0,0,0,0,0,0,0,0,0,21,0.52,NA,NA,NA,34.2857142857143,68.6106346483705,3.15
22_327,21_284,0.549247211385241,14,34,0,0,0,1,0,0,0,0,0,0,0,0,1,0,0,0,0,0,0,0,0,0,0,0,0,0,0,0,0,1,0,0,0,0,0,0,0,0,0,0,0,0,0,0,0,0,0,0,0,26,0.696,NA,NA,NA,48.8750338845216,76.2208067940552,3.689
22_328,21_284,0.565611293859649,14,34,0,0,0,1,0,0,0,0,0,0,0,0,1,0,0,0,0,0,0,0,0,0,0,0,0,0,0,0,0,1,0,0,0,0,0,0,0,0,0,0,0,0,0,0,0,0,0,0,0,26,0.912,NA,NA,NA,57.9312623925975,88.3449883449883,3.026
22_323,21_284,0.507222100175747,14,34,0,0,0,1,0,0,0,0,0,0,0,0,1,0,0,0,0,0,0,0,0,0,0,0,0,0,0,0,0,1,0,0,0,0,0,0,0,0,0,0,0,0,0,0,0,0,0,0,0,31,0.66,NA,NA,NA,55.0979905730588,67.5799086757991,4.031
22_325,21_284,0.512027067751568,14,34,0,0,0,1,0,0,0,0,0,0,0,0,1,0,0,0,0,0,0,0,0,0,0,0,0,0,0,0,0,1,0,0,0,0,0,0,0,0,0,0,0,0,0,0,0,0,0,0,0,31,0.744,NA,NA,NA,63.5676741130092,89.1213389121339,3.044
22_326,21_284,0.505636423333698,14,34,0,0,0,1,0,0,0,0,0,0,0,0,1,0,0,0,0,0,0,0,0,0,0,0,0,0,0,0,0,1,0,0,0,0,0,0,0,0,0,0,0,0,0,0,0,0,0,0,0,31,0.648,NA,NA,NA,56.9398246144542,59.026369168357,3.307
22_324,21_284,0.457124462343497,14,34,0,0,0,1,0,0,0,0,0,0,0,0,1,0,0,0,0,0,0,0,0,0,0,0,0,0,0,0,0,1,0,0,0,0,0,0,0,0,0,0,0,0,0,0,0,0,0,0,0,31,0.904,NA,NA,NA,41.1764705882353,82.7751196172249,3.23
23_246,21_284,0.547360523803028,14,34,0,0,0,1,0,0,0,0,0,0,0,0,1,0,0,0,0,0,0,0,0,0,0,0,0,0,0,0,0,1,0,0,0,0,0,0,0,0,0,0,0,0,0,0,0,0,0,0,0,31,0.524,NA,NA,NA,34.7270306258322,12.5429553264605,3.755
22_307,21_284,0.498540789075191,14,34,0,0,0,1,0,0,0,0,0,0,0,0,1,0,0,0,0,0,0,0,0,0,0,0,0,0,0,0,0,1,0,0,0,0,0,0,0,0,0,0,0,0,0,0,0,0,0,0,0,33,0.896,NA,NA,NA,41.9282511210762,52.7397260273973,3.568
22_269,21_284,0.521660901584468,14,34,0,0,0,1,0,0,0,0,0,0,0,0,1,0,0,0,0,0,0,0,0,0,0,0,0,0,0,0,0,1,0,0,0,0,0,0,0,0,0,0,0,0,0,0,0,0,0,0,0,35,0.92,NA,NA,NA,38.4615384615385,84.9785407725322,2.6
23_147,21_284,0.564954063217762,14,7,0,0,0,1,0,0,0,0,0,0,0,0,1,0,0,0,0,0,0,0,0,0,0,0,0,0,0,0,0,0,1,0,0,0,0,0,0,0,0,0,0,0,0,0,0,0,0,0,0,124,0.128,NA,NA,NA,40.8563782337199,57.2769953051643,4.484
23_228,21_232,0.526702616883828,6,10,0,0,0,0,1,0,0,0,0,0,0,0,0,1,0,0,0,0,0,0,0,0,0,0,0,0,0,0,0,0,0,0,0,0,0,0,0,0,1,0,0,0,0,0,0,0,0,0,0,7,0.357142857142857,0.0909090909090909,0.423666666666667,60.6666666666667,17.8041543026706,25.4004576659039,3.37
22_076,21_232,0.525226850333443,6,10,0,0,0,0,1,0,0,0,0,0,0,0,0,1,0,0,0,0,0,0,0,0,0,0,0,0,0,0,0,0,0,0,0,0,0,0,0,0,1,0,0,0,0,0,0,0,0,0,0,10,0.321428571428571,0.0860215053763441,0.475,72.6666666666667,21.4046822742475,88.3882149046794,2.99
22_031,21_232,0.602240027083451,6,10,0,0,0,0,1,0,0,0,0,0,0,0,0,1,0,0,0,0,0,0,0,0,0,0,0,0,0,0,0,0,0,0,0,0,0,0,0,0,1,0,0,0,0,0,0,0,0,0,0,10,0.385714285714286,0.113207547169811,0.474333333333333,106,NA,43.2348367029549,NA
22_058,21_232,0.426311418685121,6,10,0,0,0,0,1,0,0,0,0,0,0,0,0,1,0,0,0,0,0,0,0,0,0,0,0,0,0,0,0,0,0,0,0,0,0,0,0,0,1,0,0,0,0,0,0,0,0,0,0,10,0.442857142857143,0.0823529411764706,0.479,65.3333333333333,27.7611940298508,61.6632860040568,3.35
22_086,21_232,0.421836907990248,6,10,0,0,0,0,1,0,0,0,0,0,0,0,0,1,0,0,0,0,0,0,0,0,0,0,0,0,0,0,0,0,0,0,0,0,0,0,0,0,1,0,0,0,0,0,0,0,0,0,0,10,0.442857142857143,0.0823529411764706,0.479,65.3333333333333,27.7611940298508,61.6632860040568,3.35
22_032,21_232,0.528643905114493,6,10,0,0,0,0,1,0,0,0,0,0,0,0,0,1,0,0,0,0,0,0,0,0,0,0,0,0,0,0,0,0,0,0,0,0,0,0,0,0,1,0,0,0,0,0,0,0,0,0,0,10,0.271428571428571,0.138613861386139,0.471666666666667,90.6666666666667,29.136690647482,90.873786407767,2.78
22_110,21_232,0.507852831116331,6,12,0,0,0,0,1,0,0,0,0,0,0,0,0,1,0,0,0,0,0,0,0,0,0,0,0,0,0,0,0,0,0,0,0,0,0,0,0,0,0,1,0,0,0,0,0,0,0,0,0,38,0.257142857142857,0.114093959731544,0.54,123.333333333333,-7.17488789237668,49.2822966507177,2.23
22_132,21_232,0.468248991165885,6,15,0,0,0,0,1,0,0,0,0,0,0,0,0,1,0,0,0,0,0,0,0,0,0,0,0,0,0,0,0,0,0,0,0,0,0,0,0,0,0,0,1,0,0,0,0,0,0,0,0,40,0.304545454545455,0.119402985074627,0.564333333333333,130,11.5151515151515,36.2537764350453,3.3
22_129,21_232,0.305430299697553,6,14,0,0,0,0,1,0,0,0,0,0,0,0,0,1,0,0,0,0,0,0,0,0,0,0,0,0,0,0,0,0,0,0,0,0,0,0,0,0,0,0,0,1,0,0,0,0,0,0,0,40,0.428571428571429,0.0951008645533141,0.52,103.333333333333,9.6345514950166,37.037037037037,3.01
23_076,21_232,0.419509202453988,6,29,0,0,0,0,1,0,0,0,0,0,0,0,0,1,0,0,0,0,0,0,0,0,0,0,0,0,0,1,0,0,0,0,0,0,0,0,0,0,0,0,0,0,0,0,0,0,0,0,0,133,0.476923076923077,0.120253164556962,0.449666666666667,110,36.0881542699724,46.7048710601719,3.63
22_038,21_232,0.421567549741673,6,11,0,0,0,0,1,0,0,0,0,0,0,0,0,1,0,0,0,0,0,0,0,0,0,0,0,0,0,0,0,0,0,0,0,0,0,0,0,0,0,0,0,0,1,0,0,0,0,0,0,NA,0.25,0.116935483870968,0.545,116.666666666667,NA,66.7917448405253,3.1
22_039,21_232,0.377584271201292,6,10,0,0,0,0,1,0,0,0,0,0,0,0,0,1,0,0,0,0,0,0,0,0,0,0,0,0,0,0,0,0,0,0,0,0,0,0,0,0,1,0,0,0,0,0,0,0,0,0,0,14,0.45,0.12751677852349,0.500666666666667,84.6666666666667,15.8385093167702,72.281776416539,3.22
22_085,21_232,0.398819768871404,6,10,0,0,0,0,1,0,0,0,0,0,0,0,0,1,0,0,0,0,0,0,0,0,0,0,0,0,0,0,0,0,0,0,0,0,0,0,0,0,1,0,0,0,0,0,0,0,0,0,0,14,0.242857142857143,0.0961538461538462,0.479333333333333,76,34.9056603773585,71.6190476190476,3.18
22_097,21_232,0.46682839075447,6,10,0,0,0,0,1,0,0,0,0,0,0,0,0,1,0,0,0,0,0,0,0,0,0,0,0,0,0,0,0,0,0,0,0,0,0,0,0,0,1,0,0,0,0,0,0,0,0,0,0,14,0.321428571428571,0.0949720670391062,0.508333333333333,80.6666666666667,17.2413793103448,31.8327974276527,3.19
22_040,21_232,0.612777035684104,6,10,0,0,0,0,1,0,0,0,0,0,0,0,0,1,0,0,0,0,0,0,0,0,0,0,0,0,0,0,0,0,0,0,0,0,0,0,0,0,1,0,0,0,0,0,0,0,0,0,0,10,0.421428571428571,0.109243697478992,0.451,87.3333333333333,18.3006535947712,82.2429906542056,3.06
22_072,21_232,0.407891134110947,6,10,0,0,0,0,1,0,0,0,0,0,0,0,0,1,0,0,0,0,0,0,0,0,0,0,0,0,0,0,0,0,0,0,0,0,0,0,0,0,1,0,0,0,0,0,0,0,0,0,0,14,0.307142857142857,0.0878661087866109,0.507,83.3333333333333,21.9269102990033,53.8095238095238,3.01
22_074,21_232,0.43184634448575,6,10,0,0,0,0,1,0,0,0,0,0,0,0,0,1,0,0,0,0,0,0,0,0,0,0,0,0,0,0,0,0,0,0,0,0,0,0,0,0,1,0,0,0,0,0,0,0,0,0,0,14,0.25,0.0971223021582734,0.521666666666667,101.333333333333,20,77.0547945205479,2.75
22_070,21_232,0.469557725445146,6,11,0,0,0,0,1,0,0,0,0,0,0,0,0,1,0,0,0,0,0,0,0,0,0,0,0,0,0,0,0,0,0,0,0,0,0,0,0,0,0,0,0,0,1,0,0,0,0,0,0,14,0.357142857142857,0.0931899641577061,0.451,83.3333333333333,37.4213836477987,72.3684210526316,3.18
22_087,21_232,0.547559842605749,6,10,0,0,0,0,1,0,0,0,0,0,0,0,0,1,0,0,0,0,0,0,0,0,0,0,0,0,0,0,0,0,0,0,0,0,0,0,0,0,1,0,0,0,0,0,0,0,0,0,0,14,0.357142857142857,0.1,0.486666666666667,78,30.3951367781155,76.7284991568297,3.29
22_123,21_232,0.515236589620584,6,10,0,0,0,0,1,0,0,0,0,0,0,0,0,1,0,0,0,0,0,0,0,0,0,0,0,0,0,0,0,0,0,0,0,0,0,0,0,0,1,0,0,0,0,0,0,0,0,0,0,14,0.385714285714286,0.104790419161677,0.494666666666667,96,29.4520547945205,83.1804281345566,2.92
22_096,21_232,0.294055924997275,6,13,0,0,0,0,1,0,0,0,0,0,0,0,0,1,0,0,0,0,0,0,0,0,0,0,0,0,0,0,0,0,0,0,0,0,0,0,0,0,0,0,0,0,0,1,0,0,0,0,0,14,0.485714285714286,0.0863636363636364,0.503333333333333,96.6666666666667,37.6666666666667,62.2425629290618,3
22_068,21_232,0.383118131868132,6,10,0,0,0,0,1,0,0,0,0,0,0,0,0,1,0,0,0,0,0,0,0,0,0,0,0,0,0,0,0,0,0,0,0,0,0,0,0,0,1,0,0,0,0,0,0,0,0,0,0,14,0.271428571428571,0.129186602870813,0.500666666666667,109.333333333333,23.0263157894737,73.7359550561798,3.04
23_226,21_232,0.479967315810976,6,11,0,0,0,0,1,0,0,0,0,0,0,0,0,1,0,0,0,0,0,0,0,0,0,0,0,0,0,0,0,0,0,0,0,0,0,0,0,0,0,0,0,0,1,0,0,0,0,0,0,17,0.192857142857143,0.12,0.451,66,22.7963525835866,84.4569288389513,3.29
22_102,21_232,0.420924674468436,6,11,0,0,0,0,1,0,0,0,0,0,0,0,0,1,0,0,0,0,0,0,0,0,0,0,0,0,0,0,0,0,0,0,0,0,0,0,0,0,0,0,0,0,1,0,0,0,0,0,0,17,0.242857142857143,0.114035087719298,0.502666666666667,91.3333333333333,32.3529411764706,74.354561101549,2.72
23_231,21_232,0.545733704552899,6,11,0,0,0,0,1,0,0,0,0,0,0,0,0,1,0,0,0,0,0,0,0,0,0,0,0,0,0,0,0,0,0,0,0,0,0,0,0,0,0,0,0,0,1,0,0,0,0,0,0,17,0.0785714285714286,NA,NA,NA,16.9117647058824,63.9751552795031,2.72
22_121,21_232,0.426120284638844,6,13,0,0,0,0,1,0,0,0,0,0,0,0,0,1,0,0,0,0,0,0,0,0,0,0,0,0,0,0,0,0,0,0,0,0,0,0,0,0,0,0,0,0,0,1,0,0,0,0,0,19,0.285714285714286,0.0990990990990991,0.578,145.333333333333,10.9523809523809,34.575569358178,2.1
22_049,21_232,0.506743737957611,6,11,0,0,0,0,1,0,0,0,0,0,0,0,0,1,0,0,0,0,0,0,0,0,0,0,0,0,0,0,0,0,0,0,0,0,0,0,0,0,0,0,0,0,1,0,0,0,0,0,0,19,0.207142857142857,0.10546875,0.519,105.333333333333,23.5507246376812,72.6837060702875,2.76
22_050,21_232,0.686190176149906,6,11,0,0,0,0,1,0,0,0,0,0,0,0,0,1,0,0,0,0,0,0,0,0,0,0,0,0,0,0,0,0,0,0,0,0,0,0,0,0,0,0,0,0,1,0,0,0,0,0,0,19,0.214285714285714,0.0972222222222222,0.477666666666667,88.6666666666667,NA,78.3645655877342,NA
22_089,21_232,0.55344888864587,6,13,0,0,0,0,1,0,0,0,0,0,0,0,0,1,0,0,0,0,0,0,0,0,0,0,0,0,0,0,0,0,0,0,0,0,0,0,0,0,0,0,0,0,0,1,0,0,0,0,0,19,0.371428571428571,0.122171945701357,0.494666666666667,106,27.9411764705882,93.298969072165,2.72
22_052,21_232,0.281190705348549,6,11,0,0,0,0,1,0,0,0,0,0,0,0,0,1,0,0,0,0,0,0,0,0,0,0,0,0,0,0,0,0,0,0,0,0,0,0,0,0,0,0,0,0,1,0,0,0,0,0,0,21,0.292857142857143,0.0982658959537572,0.493,66,31.3253012048193,81.1740890688259,3.32
22_066,21_232,0.367136644414282,6,13,0,0,0,0,1,0,0,0,0,0,0,0,0,1,0,0,0,0,0,0,0,0,0,0,0,0,0,0,0,0,0,0,0,0,0,0,0,0,0,0,0,0,0,1,0,0,0,0,0,21,0.25,0.100877192982456,0.48,107.333333333333,34.8993288590604,92.2720247295209,2.98
22_111,21_232,0.560224013112963,6,13,0,0,0,0,1,0,0,0,0,0,0,0,0,1,0,0,0,0,0,0,0,0,0,0,0,0,0,0,0,0,0,0,0,0,0,0,0,0,0,0,0,0,0,1,0,0,0,0,0,26,0.407142857142857,0.122093023255814,0.546666666666667,162.666666666667,40.590405904059,89.9253731343284,2.71
22_136,21_232,0.431444565811032,6,14,0,0,0,0,1,0,0,0,0,0,0,0,0,1,0,0,0,0,0,0,0,0,0,0,0,0,0,0,0,0,0,0,0,0,0,0,0,0,0,0,0,1,0,0,0,0,0,0,0,31,0.385714285714286,0.110169491525424,0.474333333333333,120.666666666667,42.4561403508772,60.2564102564103,2.85
22_120,21_232,0.58348132564684,6,12,0,0,0,0,1,0,0,0,0,0,0,0,0,1,0,0,0,0,0,0,0,0,0,0,0,0,0,0,0,0,0,0,0,0,0,0,0,0,0,1,0,0,0,0,0,0,0,0,0,31,0.323809523809524,0.140529531568228,0.477,128.666666666667,0,65.4343807763401,2.47
22_109,21_232,0.270169445203608,7,12,0,0,0,0,1,0,0,0,0,0,0,0,0,0,1,0,0,0,0,0,0,0,0,0,0,0,0,0,0,0,0,0,0,0,0,0,0,0,0,1,0,0,0,0,0,0,0,0,0,27,0.428571428571429,0.136752136752137,0.516666666666667,113.333333333333,20.8163265306123,43.2170542635659,2.45
23_219,21_232,0.392803970223325,7,13,0,0,0,0,1,0,0,0,0,0,0,0,0,0,1,0,0,0,0,0,0,0,0,0,0,0,0,0,0,0,0,0,0,0,0,0,0,0,0,0,0,0,0,1,0,0,0,0,0,6,0.521428571428571,0.0917030567685589,0.538333333333333,166,24.1635687732342,65.8578856152513,2.69
22_075,21_232,0.379446748894322,7,11,0,0,0,0,1,0,0,0,0,0,0,0,0,0,1,0,0,0,0,0,0,0,0,0,0,0,0,0,0,0,0,0,0,0,0,0,0,0,0,0,0,0,1,0,0,0,0,0,0,6,0.0714285714285714,0.0983606557377049,0.563666666666667,116.666666666667,14.5962732919255,34.1049382716049,3.22
22_033,21_232,0.492594280505868,7,10,0,0,0,0,1,0,0,0,0,0,0,0,0,0,1,0,0,0,0,0,0,0,0,0,0,0,0,0,0,0,0,0,0,0,0,0,0,0,1,0,0,0,0,0,0,0,0,0,0,8,0.3,0.109375,0.459666666666667,92.6666666666667,27.355623100304,66.3244353182752,3.29
22_034,21_232,0.535372718329872,7,10,0,0,0,0,1,0,0,0,0,0,0,0,0,0,1,0,0,0,0,0,0,0,0,0,0,0,0,0,0,0,0,0,0,0,0,0,0,0,1,0,0,0,0,0,0,0,0,0,0,8,0.478571428571429,0.104026845637584,0.478333333333333,98.6666666666667,9.43952802359883,62.1004566210046,3.39
22_189,21_232,0.440998909975125,7,16,0,0,0,0,1,0,0,0,0,0,0,0,0,0,1,0,0,0,0,0,0,0,0,0,0,0,0,0,0,0,0,0,0,0,0,0,0,0,0,0,0,0,0,0,1,0,0,0,0,50,0.3,0.113110539845758,0.501,148.666666666667,20,57.8947368421053,2.8
22_153,21_232,0.26068925873207,7,16,0,0,0,0,1,0,0,0,0,0,0,0,0,0,1,0,0,0,0,0,0,0,0,0,0,0,0,0,0,0,0,0,0,0,0,0,0,0,0,0,0,0,0,0,1,0,0,0,0,55,0.421212121212121,0.11,0.522,139.333333333333,13.6363636363636,58.8709677419355,3.08
22_035,21_232,0.445152780830952,7,11,0,0,0,0,1,0,0,0,0,0,0,0,0,0,1,0,0,0,0,0,0,0,0,0,0,0,0,0,0,0,0,0,0,0,0,0,0,0,0,0,0,0,1,0,0,0,0,0,0,8,0.257142857142857,0.123595505617978,0.504333333333333,68.6666666666667,26.4615384615385,52.0391517128874,3.25
22_181,21_232,0.509527845367307,7,17,0,0,0,0,1,0,0,0,0,0,0,0,0,0,1,0,0,0,0,0,0,0,0,0,0,0,0,0,0,0,0,0,0,0,0,0,0,0,0,0,0,0,0,0,0,1,0,0,0,59,0.673076923076923,0.102990033222591,0.51,122.666666666667,28.1862745098039,70.3448275862069,4.08
23_192,21_232,0.343389082588799,7,20,0,0,0,0,1,0,0,0,0,0,0,0,0,0,1,0,0,0,0,0,0,0,0,0,0,0,0,0,0,0,0,0,0,0,0,0,0,0,0,0,0,0,0,0,0,0,1,0,0,64,0.346153846153846,0.1,0.533333333333333,112.666666666667,28.5714285714286,28.8600288600289,3.57
22_207,21_232,0.50722937581842,7,19,0,0,0,0,1,0,0,0,0,0,0,0,0,0,1,0,0,0,0,0,1,0,0,0,0,0,0,0,0,0,0,0,0,0,0,0,0,0,0,0,0,0,0,0,0,0,0,0,0,90,0.338461538461538,0.131313131313131,0.471333333333333,96,26.4462809917355,23.458904109589,3.63
23_188,21_232,0.561558512827548,7,19,0,0,0,0,1,0,0,0,0,0,0,0,0,0,1,0,0,0,0,0,1,0,0,0,0,0,0,0,0,0,0,0,0,0,0,0,0,0,0,0,0,0,0,0,0,0,0,0,0,90,0.365384615384615,0.123209169054441,0.505333333333333,124.666666666667,37.1929824561404,64.5756457564576,2.85
23_144,21_232,0.524594202501848,7,21,0,0,0,0,1,0,0,0,0,0,0,0,0,0,1,0,0,0,0,0,0,0,0,0,0,0,1,0,0,0,0,0,0,0,0,0,0,0,0,0,0,0,0,0,0,0,0,0,0,94,0.519230769230769,0.12781954887218,0.533,172,45.5696202531646,66.4371772805508,3.16
22_230,21_232,0.268171289913418,7,22,0,0,0,0,1,0,0,0,0,0,0,0,0,0,1,0,0,0,0,0,0,0,0,0,0,0,0,0,0,0,0,0,1,0,0,0,0,0,0,0,0,0,0,0,0,0,0,0,0,94,0.446153846153846,0.0884615384615385,0.502666666666667,108,25.7396449704142,31.1148086522463,3.38
23_031,21_232,0.430082663737788,7,24,0,0,0,0,1,0,0,0,0,0,0,0,0,0,1,0,0,0,0,1,0,0,0,0,0,0,0,0,0,0,0,0,0,0,0,0,0,0,0,0,0,0,0,0,0,0,0,0,0,97,0.865384615384615,0.108108108108108,0.461666666666667,123.333333333333,65.6398104265403,73.4939759036145,3.376
23_138,21_232,0.412525383574007,7,28,0,0,0,0,1,0,0,0,0,0,0,0,0,0,1,0,0,0,0,0,0,0,0,0,1,0,0,0,0,0,0,0,0,0,0,0,0,0,0,0,0,0,0,0,0,0,0,0,0,125,0.765384615384615,0.0828025477707006,0.460333333333333,92.6666666666667,32.0209973753281,68.4575389948007,3.81
23_001,21_232,0.388375973303671,7,32,0,0,0,0,1,0,0,0,0,0,0,0,0,0,1,0,0,0,0,0,0,0,0,0,0,0,0,0,0,0,0,0,0,1,0,0,0,0,0,0,0,0,0,0,0,0,0,0,0,155,0.492,0.100840336134454,0.457666666666667,66.6666666666667,21.8068535825545,40.7518796992481,3.21
23_003,21_232,0.318529279025161,7,32,0,0,0,0,1,0,0,0,0,0,0,0,0,0,1,0,0,0,0,0,0,0,0,0,0,0,0,0,0,0,0,0,0,1,0,0,0,0,0,0,0,0,0,0,0,0,0,0,0,162,0.532,0.144230769230769,0.453,78.6666666666667,29.2613636363636,45.0471698113208,3.52
23_002,21_232,0.524578419486388,7,34,0,0,0,0,1,0,0,0,0,0,0,0,0,0,1,0,0,0,0,0,0,0,0,0,0,0,0,0,0,1,0,0,0,0,0,0,0,0,0,0,0,0,0,0,0,0,0,0,0,174,0.54,NA,NA,NA,NA,70.5084745762712,NA
23_158,21_232,0.661140766013647,7,8,0,0,0,0,1,0,0,0,0,0,0,0,0,0,1,0,0,0,0,0,0,0,0,0,0,0,0,0,0,0,0,1,0,0,0,0,0,0,0,0,0,0,0,0,0,0,0,0,0,281,0.156,NA,NA,NA,NA,97.0074812967581,3.616
22_036,21_232,0.326296478834675,7,11,0,0,0,0,1,0,0,0,0,0,0,0,0,0,1,0,0,0,0,0,0,0,0,0,0,0,0,0,0,0,0,0,0,0,0,0,0,0,0,0,0,0,1,0,0,0,0,0,0,8,0.235714285714286,0.0964912280701754,0.524666666666667,60,32.807570977918,65.450643776824,3.17
22_037,21_232,0.63471056301441,7,11,0,0,0,0,1,0,0,0,0,0,0,0,0,0,1,0,0,0,0,0,0,0,0,0,0,0,0,0,0,0,0,0,0,0,0,0,0,0,0,0,0,0,1,0,0,0,0,0,0,8,0.364285714285714,0.0971428571428572,0.516,104,31.986531986532,87.2231686541738,2.97
22_077,21_232,0.30016230193662,7,13,0,0,0,0,1,0,0,0,0,0,0,0,0,0,1,0,0,0,0,0,0,0,0,0,0,0,0,0,0,0,0,0,0,0,0,0,0,0,0,0,0,0,0,1,0,0,0,0,0,10,0.128571428571429,0.08,0.458,100.666666666667,29.9694189602446,94.5330296127563,3.27
22_115,21_232,0.413412934779639,7,11,0,0,0,0,1,0,0,0,0,0,0,0,0,0,1,0,0,0,0,0,0,0,0,0,0,0,0,0,0,0,0,0,0,0,0,0,0,0,0,0,0,0,1,0,0,0,0,0,0,10,0.35,0.098976109215017,0.514,82.6666666666667,17.2413793103448,57.4733096085409,3.19
22_078,21_232,0.584207514781614,7,13,0,0,0,0,1,0,0,0,0,0,0,0,0,0,1,0,0,0,0,0,0,0,0,0,0,0,0,0,0,0,0,0,0,0,0,0,0,0,0,0,0,0,0,1,0,0,0,0,0,10,0.385714285714286,0.104651162790698,0.495,127.333333333333,27.9245283018868,86.547811993517,2.65
22_043,21_232,0.451665975390571,7,10,0,0,0,0,1,0,0,0,0,0,0,0,0,0,1,0,0,0,0,0,0,0,0,0,0,0,0,0,0,0,0,0,0,0,0,0,0,0,1,0,0,0,0,0,0,0,0,0,0,10,0.185714285714286,0.106951871657754,0.500666666666667,85.3333333333333,17.4216027874564,65.2866242038216,2.87
22_044,21_232,0.413657085141812,7,11,0,0,0,0,1,0,0,0,0,0,0,0,0,0,1,0,0,0,0,0,0,0,0,0,0,0,0,0,0,0,0,0,0,0,0,0,0,0,0,0,0,0,1,0,0,0,0,0,0,10,0.342857142857143,0.134020618556701,0.449,70,34.5394736842105,80.4932735426009,3.04
22_080,21_232,0.212212102033516,7,13,0,0,0,0,1,0,0,0,0,0,0,0,0,0,1,0,0,0,0,0,0,0,0,0,0,0,0,0,0,0,0,0,0,0,0,0,0,0,0,0,0,0,0,1,0,0,0,0,0,13,0.278571428571429,0.0931174089068826,0.465,116,16.8384879725086,56.9060773480663,2.91
22_054,21_232,0.383185235816815,7,13,0,0,0,0,1,0,0,0,0,0,0,0,0,0,1,0,0,0,0,0,0,0,0,0,0,0,0,0,0,0,0,0,0,0,0,0,0,0,0,0,0,0,0,1,0,0,0,0,0,13,0.321428571428571,0.118811881188119,0.523666666666667,109.333333333333,13.2575757575758,85.5305466237942,2.64
22_051,21_232,0.36904534671284,7,11,0,0,0,0,1,0,0,0,0,0,0,0,0,0,1,0,0,0,0,0,0,0,0,0,0,0,0,0,0,0,0,0,0,0,0,0,0,0,0,0,0,0,1,0,0,0,0,0,0,15,0.321428571428571,0.105633802816901,0.472333333333333,69.3333333333333,30.3303303303303,60.9375,3.33
22_088,21_232,0.628643783203501,7,13,0,0,0,0,1,0,0,0,0,0,0,0,0,0,1,0,0,0,0,0,0,0,0,0,0,0,0,0,0,0,0,0,0,0,0,0,0,0,0,0,0,0,0,1,0,0,0,0,0,15,0.45,0.134199134199134,0.514,142.666666666667,37.0517928286853,94.0099833610649,2.51
22_056,21_232,0.546053888782725,7,11,0,0,0,0,1,0,0,0,0,0,0,0,0,0,1,0,0,0,0,0,0,0,0,0,0,0,0,0,0,0,0,0,0,0,0,0,0,0,0,0,0,0,1,0,0,0,0,0,0,15,0.285714285714286,0.101694915254237,0.559333333333333,106.666666666667,11.9565217391304,64.8387096774194,2.76
22_125,21_232,0.27811927984045,7,12,0,0,0,0,1,0,0,0,0,0,0,0,0,0,1,0,0,0,0,0,0,0,0,0,0,0,0,0,0,0,0,0,0,0,0,0,0,0,0,1,0,0,0,0,0,0,0,0,0,15,0.261904761904762,0.128415300546448,0.525,104.666666666667,-1.51515151515151,54.5901639344262,2.64
22_124,21_232,0.45953978906999,7,13,0,0,0,0,1,0,0,0,0,0,0,0,0,0,1,0,0,0,0,0,0,0,0,0,0,0,0,0,0,0,0,0,0,0,0,0,0,0,0,0,0,0,0,1,0,0,0,0,0,15,0.3,0.0903225806451613,0.514,146.666666666667,25.5172413793103,82.02416918429,2.9
22_112,21_232,0.51345778462046,7,13,0,0,0,0,1,0,0,0,0,0,0,0,0,0,1,0,0,0,0,0,0,0,0,0,0,0,0,0,0,0,0,0,0,0,0,0,0,0,0,0,0,0,0,1,0,0,0,0,0,15,0.421428571428571,0.115485564304462,0.528333333333333,148,31.6793893129771,91.7355371900827,2.62
23_220,21_232,0.369257420340463,7,13,0,0,0,0,1,0,0,0,0,0,0,0,0,0,1,0,0,0,0,0,0,0,0,0,0,0,0,0,0,0,0,0,0,0,0,0,0,0,0,0,0,0,0,1,0,0,0,0,0,15,0.235714285714286,0.104294478527607,0.543666666666667,102.666666666667,29.4117647058824,82.6086956521739,2.89
22_113,21_232,0.359200438116101,7,12,0,0,0,0,1,0,0,0,0,0,0,0,0,0,1,0,0,0,0,0,0,0,0,0,0,0,0,0,0,0,0,0,0,0,0,0,0,0,0,1,0,0,0,0,0,0,0,0,0,17,0.223809523809524,0.115702479338843,0.498333333333333,89.3333333333333,9.7972972972973,56.5137614678899,2.96
22_081,21_232,0.436040441782515,7,13,0,0,0,0,1,0,0,0,0,0,0,0,0,0,1,0,0,0,0,0,0,0,0,0,0,0,0,0,0,0,0,0,0,0,0,0,0,0,0,0,0,0,0,1,0,0,0,0,0,17,0.314285714285714,0.108786610878661,0.52,72,24.6268656716418,92.0068027210884,2.68
22_103,21_232,0.452367315769378,7,11,0,0,0,0,1,0,0,0,0,0,0,0,0,0,1,0,0,0,0,0,0,0,0,0,0,0,0,0,0,0,0,0,0,0,0,0,0,0,0,0,0,0,1,0,0,0,0,0,0,17,0.257142857142857,0.119205298013245,0.458666666666667,82.6666666666667,25.5663430420712,55.6280587275693,3.09
22_119,21_232,0.460138052415917,7,13,0,0,0,0,1,0,0,0,0,0,0,0,0,0,1,0,0,0,0,0,0,0,0,0,0,0,0,0,0,0,0,0,0,0,0,0,0,0,0,0,0,0,0,1,0,0,0,0,0,17,0.442857142857143,0.106280193236715,0.487666666666667,128.666666666667,29.368029739777,82.8178694158076,2.69
22_083,21_232,0.414198523201003,7,13,0,0,0,0,1,0,0,0,0,0,0,0,0,0,1,0,0,0,0,0,0,0,0,0,0,0,0,0,0,0,0,0,0,0,0,0,0,0,0,0,0,0,0,1,0,0,0,0,0,NA,NA,0.138297872340426,0.475333333333333,136.666666666667,NA,NA,NA
22_055,21_232,0.262406862610321,7,12,0,0,0,0,1,0,0,0,0,0,0,0,0,0,1,0,0,0,0,0,0,0,0,0,0,0,0,0,0,0,0,0,0,0,0,0,0,0,0,1,0,0,0,0,0,0,0,0,0,27,0.295238095238095,0.112980769230769,0.549666666666667,91.3333333333333,22.0640569395018,49.2537313432836,2.81
22_101,21_232,0.261661324195866,7,12,0,0,0,0,1,0,0,0,0,0,0,0,0,0,1,0,0,0,0,0,0,0,0,0,0,0,0,0,0,0,0,0,0,0,0,0,0,0,0,1,0,0,0,0,0,0,0,0,0,27,0.295238095238095,0.112980769230769,0.549666666666667,91.3333333333333,22.0640569395018,49.2537313432836,2.81
22_128,21_232,0.410316961970024,4,14,0,0,0,0,1,0,0,0,0,0,0,0,0,0,0,1,0,0,0,0,0,0,0,0,0,0,0,0,0,0,0,0,0,0,0,0,0,0,0,0,0,1,0,0,0,0,0,0,0,11,0.438095238095238,0.103030303030303,0.511333333333333,96,38.0530973451327,65.4916512059369,3.39
22_137,21_232,0.20758043190833,4,14,0,0,0,0,1,0,0,0,0,0,0,0,0,0,0,1,0,0,0,0,0,0,0,0,0,0,0,0,0,0,0,0,0,0,0,0,0,0,0,0,0,1,0,0,0,0,0,0,0,14,0.495238095238095,0.118181818181818,0.485,100.666666666667,32.8125,64.2978003384095,3.2
22_130,21_232,0.436052876457387,4,14,0,0,0,0,1,0,0,0,0,0,0,0,0,0,0,1,0,0,0,0,0,0,0,0,0,0,0,0,0,0,0,0,0,0,0,0,0,0,0,0,0,1,0,0,0,0,0,0,0,16,0.433333333333333,0.118556701030928,0.551,123.333333333333,18.4873949579832,71.0310965630115,2.38
22_108,21_232,0.447258307124299,4,12,0,0,0,0,1,0,0,0,0,0,0,0,0,0,0,1,0,0,0,0,0,0,0,0,0,0,0,0,0,0,0,0,0,0,0,0,0,0,0,1,0,0,0,0,0,0,0,0,0,16,0.404761904761905,0.124137931034483,0.558666666666667,148.666666666667,10.4430379746835,70.1863354037267,3.16
22_127,21_232,0.55483612668084,4,14,0,0,0,0,1,0,0,0,0,0,0,0,0,0,0,1,0,0,0,0,0,0,0,0,0,0,0,0,0,0,0,0,0,0,0,0,0,0,0,0,0,1,0,0,0,0,0,0,0,16,0.471428571428571,0.105263157894737,0.542666666666667,130.666666666667,12.3188405797101,47.1666666666667,2.76
22_135,21_232,0.347373015440013,4,14,0,0,0,0,1,0,0,0,0,0,0,0,0,0,0,1,0,0,0,0,0,0,0,0,0,0,0,0,0,0,0,0,0,0,0,0,0,0,0,0,0,1,0,0,0,0,0,0,0,16,0.471428571428571,0.135278514588859,0.527666666666667,130,21.7741935483871,65.1340996168582,2.48
22_179,21_232,0.424596542181549,4,18,0,0,0,0,1,0,0,0,0,0,0,0,0,0,0,1,0,0,0,0,0,0,0,0,0,0,0,0,0,0,0,0,0,0,0,0,0,0,0,0,0,0,0,0,0,0,0,1,0,16,0.433333333333333,0.127777777777778,0.578,132.666666666667,22.1453287197232,76.0233918128655,2.89
22_164,21_232,0.536363138885849,4,18,0,0,0,0,1,0,0,0,0,0,0,0,0,0,0,1,0,0,0,0,0,0,0,0,0,0,0,0,0,0,0,0,0,0,0,0,0,0,0,0,0,0,0,0,0,0,0,1,0,18,0.416666666666667,0.133333333333333,0.550333333333333,102.666666666667,6.26865671641791,25.975975975976,3.35
22_172,21_232,0.401629210396176,4,18,0,0,0,0,1,0,0,0,0,0,0,0,0,0,0,1,0,0,0,0,0,0,0,0,0,0,0,0,0,0,0,0,0,0,0,0,0,0,0,0,0,0,0,0,0,0,0,1,0,18,0.579166666666667,NA,NA,NA,NA,NA,NA
22_131,21_232,0.309192818890646,4,14,0,0,0,0,1,0,0,0,0,0,0,0,0,0,0,1,0,0,0,0,0,0,0,0,0,0,0,0,0,0,0,0,0,0,0,0,0,0,0,0,0,1,0,0,0,0,0,0,0,18,0.185714285714286,0.117154811715481,0.466333333333333,83.3333333333333,31.7258883248731,45.5238095238095,3.94
22_178,21_232,0.304118760804544,4,18,0,0,0,0,1,0,0,0,0,0,0,0,0,0,0,1,0,0,0,0,0,0,0,0,0,0,0,0,0,0,0,0,0,0,0,0,0,0,0,0,0,0,0,0,0,0,0,1,0,21,0.5,0.113122171945701,0.504333333333333,109.333333333333,31.0126582278481,63.0434782608696,3.16
22_162,21_232,0.496952969147105,4,18,0,0,0,0,1,0,0,0,0,0,0,0,0,0,0,1,0,0,0,0,0,0,0,0,0,0,0,0,0,0,0,0,0,0,0,0,0,0,0,0,0,0,0,0,0,0,0,1,0,21,0.5125,NA,NA,NA,NA,NA,NA
22_158,21_232,0.413293182664845,4,18,0,0,0,0,1,0,0,0,0,0,0,0,0,0,0,1,0,0,0,0,0,0,0,0,0,0,0,0,0,0,0,0,0,0,0,0,0,0,0,0,0,0,0,0,0,0,0,1,0,21,0.425,0.138364779874214,0.510333333333333,145.333333333333,17.741935483871,52.8399311531842,3.1
22_139,21_232,0.434970112181674,4,18,0,0,0,0,1,0,0,0,0,0,0,0,0,0,0,1,0,0,0,0,0,0,0,0,0,0,0,0,0,0,0,0,0,0,0,0,0,0,0,0,0,0,0,0,0,0,0,1,0,21,0.495833333333333,0.146825396825397,0.519666666666667,174.666666666667,24.9211356466877,68.5303514376997,3.17
22_165,21_232,0.514524647887324,4,18,0,0,0,0,1,0,0,0,0,0,0,0,0,0,0,1,0,0,0,0,0,0,0,0,0,0,0,0,0,0,0,0,0,0,0,0,0,0,0,0,0,0,0,0,0,0,0,1,0,23,0.383333333333333,0.158163265306122,0.551666666666667,131.333333333333,16.3879598662207,58.5089141004862,2.99
22_163,21_232,0.492001972116464,4,18,0,0,0,0,1,0,0,0,0,0,0,0,0,0,0,1,0,0,0,0,0,0,0,0,0,0,0,0,0,0,0,0,0,0,0,0,0,0,0,0,0,0,0,0,0,0,0,1,0,23,0.458333333333333,0.113564668769716,0.529333333333333,133.333333333333,27.027027027027,66.3551401869159,3.7
22_152,21_232,0.492605373428642,4,18,0,0,0,0,1,0,0,0,0,0,0,0,0,0,0,1,0,0,0,0,0,0,0,0,0,0,0,0,0,0,0,0,0,0,0,0,0,0,0,0,0,0,0,0,0,0,0,1,0,23,0.242307692307692,0.126984126984127,0.543333333333333,121.333333333333,25.0783699059561,58.5127201565558,3.19
22_156,21_232,0.375236996125629,4,18,0,0,0,0,1,0,0,0,0,0,0,0,0,0,0,1,0,0,0,0,0,0,0,0,0,0,0,0,0,0,0,0,0,0,0,0,0,0,0,0,0,0,0,0,0,0,0,1,0,28,0.380769230769231,0.128953771289538,0.492333333333333,136.666666666667,18.2098765432099,71.9402985074627,3.24
23_190,21_232,0.388963182154441,4,20,0,0,0,0,1,0,0,0,0,0,0,0,0,0,0,1,0,0,0,0,0,0,0,0,0,0,0,0,0,0,0,0,0,0,0,0,0,0,0,0,0,0,0,0,0,0,1,0,0,46,0.365384615384615,0.129129129129129,0.494666666666667,134.666666666667,17.4174174174174,48.7261146496815,3.33
23_227,21_232,0.338812011157906,4,20,0,0,0,0,1,0,0,0,0,0,0,0,0,0,0,1,0,0,0,0,0,0,0,0,0,0,0,0,0,0,0,0,0,0,0,0,0,0,0,0,0,0,0,0,0,0,1,0,0,56,0.311538461538462,0.102564102564103,0.530333333333333,128.666666666667,38.7909319899244,54.3371522094926,3.97
23_204,21_232,0.335526674295679,4,21,0,0,0,0,1,0,0,0,0,0,0,0,0,0,0,1,0,0,0,0,0,0,0,0,0,0,1,0,0,0,0,0,0,0,0,0,0,0,0,0,0,0,0,0,0,0,0,0,0,72,0.257692307692308,0.109271523178808,0.492333333333333,102.666666666667,32.5870646766169,33.5676625659051,4.02
22_197,21_232,0.452435364409813,4,21,0,0,0,0,1,0,0,0,0,0,0,0,0,0,0,1,0,0,0,0,0,0,0,0,0,0,1,0,0,0,0,0,0,0,0,0,0,0,0,0,0,0,0,0,0,0,0,0,0,72,0.280769230769231,0.1,0.493333333333333,126,26.2390670553936,66.45056726094,3.43
23_010,21_232,0.534522044693351,4,33,0,0,0,0,1,0,0,0,0,0,0,0,0,0,0,1,0,0,0,0,0,0,0,0,0,0,0,0,0,0,0,0,0,0,1,0,0,0,0,0,0,0,0,0,0,0,0,0,0,142,1.044,NA,NA,NA,39.3835616438356,79.8403193612775,2.92
23_015,21_232,0.397028948704926,4,34,0,0,0,0,1,0,0,0,0,0,0,0,0,0,0,1,0,0,0,0,0,0,0,0,0,0,0,0,0,1,0,0,0,0,0,0,0,0,0,0,0,0,0,0,0,0,0,0,0,151,0.312,NA,NA,NA,32.5581395348837,45.4926624737946,3.44
22_187,21_232,0.223896856039713,2,18,0,0,0,0,1,0,0,0,0,0,0,0,0,0,0,0,1,0,0,0,0,0,0,0,0,0,0,0,0,0,0,0,0,0,0,0,0,0,0,0,0,0,0,0,0,0,0,1,0,7,0.670833333333333,0.132947976878613,0.507666666666667,137.333333333333,24.5283018867925,48.3101391650099,3.71
22_151,21_232,0.517055605180884,2,18,0,0,0,0,1,0,0,0,0,0,0,0,0,0,0,0,1,0,0,0,0,0,0,0,0,0,0,0,0,0,0,0,0,0,0,0,0,0,0,0,0,0,0,0,0,0,0,1,0,7,0.270833333333333,0.10989010989011,0.477666666666667,57.3333333333333,14.84375,54.3554006968641,3.84
22_161,21_232,0.410895104895105,2,18,0,0,0,0,1,0,0,0,0,0,0,0,0,0,0,0,1,0,0,0,0,0,0,0,0,0,0,0,0,0,0,0,0,0,0,0,0,0,0,0,0,0,0,0,0,0,0,1,0,7,0.375,0.137142857142857,0.542333333333333,103.333333333333,21.1382113821138,55.8778625954198,3.69
22_167,21_232,0.27870774263904,2,16,0,0,0,0,1,0,0,0,0,0,0,0,0,0,0,0,1,0,0,0,0,0,0,0,0,0,0,0,0,0,0,0,0,0,0,0,0,0,0,0,0,0,0,0,1,0,0,0,0,7,0.315151515151515,0.0983606557377049,0.492666666666667,103.333333333333,9.375,62.2641509433962,3.84
22_150,21_232,0.395491297793614,2,18,0,0,0,0,1,0,0,0,0,0,0,0,0,0,0,0,1,0,0,0,0,0,0,0,0,0,0,0,0,0,0,0,0,0,0,0,0,0,0,0,0,0,0,0,0,0,0,1,0,9,0.307692307692308,0.106312292358804,0.532,110.666666666667,26.1127596439169,65.1020408163265,3.37
22_141,21_232,0.571744600835108,2,18,0,0,0,0,1,0,0,0,0,0,0,0,0,0,0,0,1,0,0,0,0,0,0,0,0,0,0,0,0,0,0,0,0,0,0,0,0,0,0,0,0,0,0,0,0,0,0,1,0,14,0.357692307692308,0.137809187279152,0.550666666666667,124.666666666667,19.8717948717949,61.4982578397212,3.12
22_157,21_232,0.632020925110132,2,18,0,0,0,0,1,0,0,0,0,0,0,0,0,0,0,0,1,0,0,0,0,0,0,0,0,0,0,0,0,0,0,0,0,0,0,0,0,0,0,0,0,0,0,0,0,0,0,1,0,14,0.3,0.115107913669065,0.576,116,41.6949152542373,71.3355592654424,2.95
22_176,21_232,0.579714496274258,2,18,0,0,0,0,1,0,0,0,0,0,0,0,0,0,0,0,1,0,0,0,0,0,0,0,0,0,0,0,0,0,0,0,0,0,0,0,0,0,0,0,0,0,0,0,0,0,0,1,0,14,0.0115384615384615,0.104072398190045,0.56,119.333333333333,27.4809160305344,61.6541353383459,3.93
22_185,21_232,0.379728432313812,2,18,0,0,0,0,1,0,0,0,0,0,0,0,0,0,0,0,1,0,0,0,0,0,0,0,0,0,0,0,0,0,0,0,0,0,0,0,0,0,0,0,0,0,0,0,0,0,0,1,0,14,0.284615384615385,0.123209169054441,0.483666666666667,104,30.1829268292683,63.4680134680135,3.28
22_166,21_232,0.415018984671636,2,18,0,0,0,0,1,0,0,0,0,0,0,0,0,0,0,0,1,0,0,0,0,0,0,0,0,0,0,0,0,0,0,0,0,0,0,0,0,0,0,0,0,0,0,0,0,0,0,1,0,14,0.5125,0.134375,0.518666666666667,125.333333333333,22.6158038147139,63.922942206655,3.67
22_144,21_232,0.425363911013458,2,17,0,0,0,0,1,0,0,0,0,0,0,0,0,0,0,0,1,0,0,0,0,0,0,0,0,0,0,0,0,0,0,0,0,0,0,0,0,0,0,0,0,0,0,0,0,1,0,0,0,14,0.592307692307692,0.11340206185567,0.493333333333333,134.666666666667,38.75,77.9390420899855,3.2
22_155,21_232,0.514999451573983,2,18,0,0,0,0,1,0,0,0,0,0,0,0,0,0,0,0,1,0,0,0,0,0,0,0,0,0,0,0,0,0,0,0,0,0,0,0,0,0,0,0,0,0,0,0,0,0,0,1,0,14,0.119230769230769,0.121710526315789,0.538,113.333333333333,20.2312138728324,51.9266055045872,3.46
22_140,21_232,0.497594445355639,2,18,0,0,0,0,1,0,0,0,0,0,0,0,0,0,0,0,1,0,0,0,0,0,0,0,0,0,0,0,0,0,0,0,0,0,0,0,0,0,0,0,0,0,0,0,0,0,0,1,0,14,0.411538461538462,0.151351351351351,0.543666666666667,172,21.9435736677116,62.9213483146067,3.19
22_149,21_232,0.408678171922435,2,18,0,0,0,0,1,0,0,0,0,0,0,0,0,0,0,0,1,0,0,0,0,0,0,0,0,0,0,0,0,0,0,0,0,0,0,0,0,0,0,0,0,0,0,0,0,0,0,1,0,16,0.161538461538462,0.106666666666667,0.498666666666667,90.6666666666667,20.671834625323,74.3764172335601,3.87
22_186,21_232,0.40868193017912,2,17,0,0,0,0,1,0,0,0,0,0,0,0,0,0,0,0,1,0,0,0,0,0,0,0,0,0,0,0,0,0,0,0,0,0,0,0,0,0,0,0,0,0,0,0,0,1,0,0,0,16,0.580769230769231,0.107569721115538,0.481666666666667,110,32.9230769230769,61.4896988906498,3.25
22_177,21_232,0.377708681478235,2,18,0,0,0,0,1,0,0,0,0,0,0,0,0,0,0,0,1,0,0,0,0,0,0,0,0,0,0,0,0,0,0,0,0,0,0,0,0,0,0,0,0,0,0,0,0,0,0,1,0,16,0.261538461538462,0.109717868338558,0.535333333333333,144,NA,91.042345276873,3.3
22_154,21_232,0.54963371470903,2,18,0,0,0,0,1,0,0,0,0,0,0,0,0,0,0,0,1,0,0,0,0,0,0,0,0,0,0,0,0,0,0,0,0,0,0,0,0,0,0,0,0,0,0,0,0,0,0,1,0,16,0.323076923076923,0.111524163568773,0.584333333333333,122,28.6135693215339,78.0844155844156,3.39
22_147,21_232,0.525309551082747,2,16,0,0,0,0,1,0,0,0,0,0,0,0,0,0,0,0,1,0,0,0,0,0,0,0,0,0,0,0,0,0,0,0,0,0,0,0,0,0,0,0,0,0,0,0,1,0,0,0,0,18,0.387878787878788,0.114705882352941,0.509333333333333,138,26.2798634812287,47.3851030110935,2.93
22_170,21_232,0.443065793065793,2,16,0,0,0,0,1,0,0,0,0,0,0,0,0,0,0,0,1,0,0,0,0,0,0,0,0,0,0,0,0,0,0,0,0,0,0,0,0,0,0,0,0,0,0,0,1,0,0,0,0,18,0.466666666666667,0.110726643598616,0.515666666666667,140,26.3665594855305,46.8954248366013,3.11
22_174,21_232,0.387171708890164,2,17,0,0,0,0,1,0,0,0,0,0,0,0,0,0,0,0,1,0,0,0,0,0,0,0,0,0,0,0,0,0,0,0,0,0,0,0,0,0,0,0,0,0,0,0,0,1,0,0,0,18,0.769230769230769,0.110726643598616,0.497666666666667,128,24.025974025974,65.6509695290859,3.08
22_171,21_232,0.356809765464271,2,16,0,0,0,0,1,0,0,0,0,0,0,0,0,0,0,0,1,0,0,0,0,0,0,0,0,0,0,0,0,0,0,0,0,0,0,0,0,0,0,0,0,0,0,0,1,0,0,0,0,21,0.433333333333333,0.139941690962099,0.494333333333333,134.666666666667,19.5876288659794,40.8320493066256,2.91
22_175,21_232,0.624043028778989,2,16,0,0,0,0,1,0,0,0,0,0,0,0,0,0,0,0,1,0,0,0,0,0,0,0,0,0,0,0,0,0,0,0,0,0,0,0,0,0,0,0,0,0,0,0,1,0,0,0,0,21,0.293939393939394,0.114093959731544,0.562,144.666666666667,6.54205607476636,40.2439024390244,3.21
22_168,21_232,0.312992824206706,2,16,0,0,0,0,1,0,0,0,0,0,0,0,0,0,0,0,1,0,0,0,0,0,0,0,0,0,0,0,0,0,0,0,0,0,0,0,0,0,0,0,0,0,0,0,1,0,0,0,0,21,0.342424242424242,0.147435897435897,0.471333333333333,128.666666666667,23.7536656891496,73.0696798493409,3.41
22_183,21_232,0.499226671249356,2,17,0,0,0,0,1,0,0,0,0,0,0,0,0,0,0,0,1,0,0,0,0,0,0,0,0,0,0,0,0,0,0,0,0,0,0,0,0,0,0,0,0,0,0,0,0,1,0,0,0,23,0.55,0.109223300970874,0.526666666666667,137.333333333333,26.6187050359712,76.3727121464226,2.78
22_145,21_232,0.357651049278879,2,17,0,0,0,0,1,0,0,0,0,0,0,0,0,0,0,0,1,0,0,0,0,0,0,0,0,0,0,0,0,0,0,0,0,0,0,0,0,0,0,0,0,0,0,0,0,1,0,0,0,23,0.426923076923077,0.0926517571884984,0.523,99.3333333333333,25.1336898395722,54.0350877192982,3.74
22_215,21_232,0.512869059378773,2,20,0,0,0,0,1,0,0,0,0,0,0,0,0,0,0,0,1,0,0,0,0,0,0,0,0,0,0,0,0,0,0,0,0,0,0,0,0,0,0,0,0,0,0,0,0,0,1,0,0,28,0.353846153846154,0.097378277153558,0.539333333333333,128.666666666667,30.0546448087432,59.077380952381,3.66
23_196,21_232,0.290755222574647,2,20,0,0,0,0,1,0,0,0,0,0,0,0,0,0,0,0,1,0,0,0,0,0,0,0,0,0,0,0,0,0,0,0,0,0,0,0,0,0,0,0,0,0,0,0,0,0,1,0,0,39,0.330769230769231,0.0918918918918919,0.508666666666667,110,37.25,52.991452991453,4
23_229,21_232,0.268314668123464,2,19,0,0,0,0,1,0,0,0,0,0,0,0,0,0,0,0,1,0,0,0,1,0,0,0,0,0,0,0,0,0,0,0,0,0,0,0,0,0,0,0,0,0,0,0,0,0,0,0,0,53,0.276923076923077,0.138888888888889,0.516333333333333,137.333333333333,30.5841924398625,66.3382594417077,2.91
23_112,21_232,0.301765058926233,2,24,0,0,0,0,1,0,0,0,0,0,0,0,0,0,0,0,1,0,0,1,0,0,0,0,0,0,0,0,0,0,0,0,0,0,0,0,0,0,0,0,0,0,0,0,0,0,0,0,0,60,0.742307692307692,0.120879120879121,0.472666666666667,99.3333333333333,38.7921653971708,55.1487414187643,3.676
23_030,21_232,0.367346097849078,2,24,0,0,0,0,1,0,0,0,0,0,0,0,0,0,0,0,1,0,0,1,0,0,0,0,0,0,0,0,0,0,0,0,0,0,0,0,0,0,0,0,0,0,0,0,0,0,0,0,0,63,0.623076923076923,0.0956521739130435,0.436666666666667,99.3333333333333,40.7824222936763,41.0958904109589,3.732
23_029,21_232,0.68640350877193,2,27,0,0,0,0,1,0,0,0,0,0,0,0,0,0,0,0,1,0,1,0,0,0,0,0,0,0,0,0,0,0,0,0,0,0,0,0,0,0,0,0,0,0,0,0,0,0,0,0,0,63,0.626923076923077,0.0975609756097561,0.439333333333333,98.6666666666667,28.6567164179104,42.9378531073446,3.35
23_111,21_232,0.427957546655026,2,24,0,0,0,0,1,0,0,0,0,0,0,0,0,0,0,0,1,0,0,1,0,0,0,0,0,0,0,0,0,0,0,0,0,0,0,0,0,0,0,0,0,0,0,0,0,0,0,0,0,63,0.753846153846154,0.114583333333333,0.497666666666667,90.6666666666667,NA,56.9204152249135,4.041
23_005,21_232,0.295290354602107,2,30,0,0,0,0,1,0,0,0,0,0,0,0,0,0,0,0,1,0,0,0,0,0,0,0,0,0,0,0,1,0,0,0,0,0,0,0,0,0,0,0,0,0,0,0,0,0,0,0,0,95,0.557142857142857,0.113300492610837,0.551333333333333,116.666666666667,45.4268292682927,74.8807631160572,3.28
22_143,21_232,0.479874764157392,3,17,0,0,0,0,1,0,0,0,0,0,0,0,0,0,0,0,0,1,0,0,0,0,0,0,0,0,0,0,0,0,0,0,0,0,0,0,0,0,0,0,0,0,0,0,0,1,0,0,0,5,0.688461538461538,0.125,0.491333333333333,116.666666666667,30.3468208092486,77.3793103448276,3.46
22_142,21_232,0.337669791467381,3,17,0,0,0,0,1,0,0,0,0,0,0,0,0,0,0,0,0,1,0,0,0,0,0,0,0,0,0,0,0,0,0,0,0,0,0,0,0,0,0,0,0,0,0,0,0,1,0,0,0,5,0.542307692307692,0.111864406779661,0.466,83.3333333333333,26.3473053892216,83.9080459770115,3.34
22_138,21_232,0.441934156378601,3,18,0,0,0,0,1,0,0,0,0,0,0,0,0,0,0,0,0,1,0,0,0,0,0,0,0,0,0,0,0,0,0,0,0,0,0,0,0,0,0,0,0,0,0,0,0,0,0,1,0,10,0.326923076923077,0.205882352941176,0.562666666666667,122,35.2150537634409,58.4158415841584,3.72
22_169,21_232,0.439516018149319,3,18,0,0,0,0,1,0,0,0,0,0,0,0,0,0,0,0,0,1,0,0,0,0,0,0,0,0,0,0,0,0,0,0,0,0,0,0,0,0,0,0,0,0,0,0,0,0,0,1,0,10,0.373076923076923,0.0901639344262295,0.497,134,16.4739884393064,55.8928571428571,3.46
22_188,21_232,0.612174515235457,3,16,0,0,0,0,1,0,0,0,0,0,0,0,0,0,0,0,0,1,0,0,0,0,0,0,0,0,0,0,0,0,0,0,0,0,0,0,0,0,0,0,0,0,0,0,1,0,0,0,0,12,0.366666666666667,0.103174603174603,0.528,152.666666666667,13.5135135135135,42.8790199081164,2.96
22_180,21_232,0.575617883921133,3,16,0,0,0,0,1,0,0,0,0,0,0,0,0,0,0,0,0,1,0,0,0,0,0,0,0,0,0,0,0,0,0,0,0,0,0,0,0,0,0,0,0,0,0,0,1,0,0,0,0,17,0.509090909090909,0.113725490196078,0.470333333333333,148.666666666667,24.496644295302,60.64,2.98
22_184,21_232,0.426884325276661,3,16,0,0,0,0,1,0,0,0,0,0,0,0,0,0,0,0,0,1,0,0,0,0,0,0,0,0,0,0,0,0,0,0,0,0,0,0,0,0,0,0,0,0,0,0,1,0,0,0,0,17,0.427272727272727,0.120320855614973,0.506,138.666666666667,19.7278911564626,32.3899371069182,2.94
22_146,21_232,0.308631067425037,3,17,0,0,0,0,1,0,0,0,0,0,0,0,0,0,0,0,0,1,0,0,0,0,0,0,0,0,0,0,0,0,0,0,0,0,0,0,0,0,0,0,0,0,0,0,0,1,0,0,0,21,0.65,0.0914634146341463,0.518666666666667,76.3333333333333,24.2647058823529,57.3353293413174,4.08
23_187,21_232,0.39396958859982,3,20,0,0,0,0,1,0,0,0,0,0,0,0,0,0,0,0,0,1,0,0,0,0,0,0,0,0,0,0,0,0,0,0,0,0,0,0,0,0,0,0,0,0,0,0,0,0,1,0,0,28,0.580769230769231,0.0896860986547085,0.521333333333333,129.333333333333,32.5062034739454,49.1749174917492,4.03
22_202,21_232,0.358535984900293,3,20,0,0,0,0,1,0,0,0,0,0,0,0,0,0,0,0,0,1,0,0,0,0,0,0,0,0,0,0,0,0,0,0,0,0,0,0,0,0,0,0,0,0,0,0,0,0,1,0,0,31,0.388461538461538,0.0765027322404372,0.475,88.6666666666667,13.6490250696379,36.9606003752345,3.59
22_210,21_232,0.456860863605209,3,20,0,0,0,0,1,0,0,0,0,0,0,0,0,0,0,0,0,1,0,0,0,0,0,0,0,0,0,0,0,0,0,0,0,0,0,0,0,0,0,0,0,0,0,0,0,0,1,0,0,35,0.465384615384615,0.0895522388059701,0.556,106,39.4160583941606,74.457429048414,4.11
22_212,21_232,0.601014810751509,3,23,0,0,0,0,1,0,0,0,0,0,0,0,0,0,0,0,0,1,0,0,0,0,0,0,0,0,0,0,0,0,0,0,0,0,0,0,0,0,0,0,0,0,0,0,0,0,0,0,1,38,0.373076923076923,0.132780082987552,0.527333333333333,143.333333333333,28.2352941176471,53.5251798561151,3.4
22_213,21_232,0.392723366751129,3,23,0,0,0,0,1,0,0,0,0,0,0,0,0,0,0,0,0,1,0,0,0,0,0,0,0,0,0,0,0,0,0,0,0,0,0,0,0,0,0,0,0,0,0,0,0,0,0,0,1,47,0.215384615384615,0.0931899641577061,0.563666666666667,122,22.1556886227545,49.8333333333333,3.34
23_189,21_232,0.432568129583014,3,19,0,0,0,0,1,0,0,0,0,0,0,0,0,0,0,0,0,1,0,0,1,0,0,0,0,0,0,0,0,0,0,0,0,0,0,0,0,0,0,0,0,0,0,0,0,0,0,0,0,47,0.361538461538462,0.103448275862069,0.507333333333333,160,NA,47.4418604651163,3.357
23_054,21_232,0.352873594660393,3,26,0,0,0,0,1,0,0,0,0,0,0,0,0,0,0,0,0,1,0,0,0,0,1,0,0,0,0,0,0,0,0,0,0,0,0,0,0,0,0,0,0,0,0,0,0,0,0,0,0,73,0.476923076923077,0.0975609756097561,0.501,109.333333333333,30.3333333333333,45.6349206349206,3
23_137,21_232,0.627175878828982,3,29,0,0,0,0,1,0,0,0,0,0,0,0,0,0,0,0,0,1,0,0,0,0,0,0,0,0,0,1,0,0,0,0,0,0,0,0,0,0,0,0,0,0,0,0,0,0,0,0,0,82,NA,0.106145251396648,0.444333333333333,104,48.4567901234568,94.8243992606285,3.24
22_061,21_232,0.318761956818803,7,1,0,0,0,0,1,0,0,0,0,0,0,0,0,0,1,0,0,0,0,0,0,0,0,1,0,0,0,0,0,0,0,0,0,0,0,0,0,0,0,0,0,0,0,0,0,0,0,0,0,NA,NA,0.092436974789916,0.522666666666667,85.3333333333333,NA,NA,NA
22_182,21_232,0.485008428441153,7,1,0,0,0,0,1,0,0,0,0,0,0,0,0,0,1,0,0,0,0,0,0,0,0,1,0,0,0,0,0,0,0,0,0,0,0,0,0,0,0,0,0,0,0,0,0,0,0,0,0,NA,NA,0.152941176470588,0.512666666666667,120,NA,NA,NA
