"field_ID","Lab_ID","V4","V6","V7","V8","V9","V10","V11","V12","V13","V14","V15","V16","V17","V22","V23","V24","V25","V26","V27","V28","V29","V32","V33","V34","V35","V36","V37","V38","V39","V40","V41","V42","V45","V46","V47","V49","V59","V67","V71","V73","V74","V75","V80","V82","V84","V85","V86","V87","V88","V89","V90","V91","V92","V93","V94","V95","V96","V97","V98","V99","V100","V101","V102","V103","V104","V105","V106","V107","V108","V109","V110","V111","V112","V113","V114","V115","V116","V117","V118","V119","V120","V121","V122","V123","V124","V125","V126","V127","V128","V129","V130","V131","V132","V133","V134","V135","V136","V137","V138","V139","V140","V141","V142","V143","V144","V145","V146","V147","V148","V149","V150","V151","V152","V153"
"165_009_102","23_110",1510,203,18,NA,NA,1020,NA,NA,310,94.2,NA,NA,5990,952,1480,NA,832,NA,129,8210,NA,2910,105,3100,808,2600,44.4,NA,6240,281,NA,843,1290,5270,531,291,4510,9620,20100,22900,10700,6290,1290,3300,2830,1140,9520,3760,8690,170000,NA,37.2,8460,134000,506,1680,2720,498,10.9,NA,6560,NA,416,1550,9080,NA,1370,30.9,691,669,657,332,144,NA,1210,27.8,568,NA,1620,NA,882,141,247,1420,NA,NA,NA,NA,2880,302,NA,99.6,NA,721,854,701,331,497,365,NA,513,276,89.7,1550,351,48.3,4.93,1040,202,3.1,23.5,65.9,28.1,NA
"165_009_105","23_067",NA,70.5,5.08,3.71,3.78,548,696,NA,130,78.8,80.4,NA,10400,NA,1760,153,NA,NA,NA,3030,NA,3030,60.2,1820,741,920,17.3,0.77,2490,339,NA,600,1180,4600,613,76.3,1930,3060,13000,17200,6100,4200,301,1240,735,221,6800,3140,5290,94600,NA,6.98,4700,78300,600,561,3300,283,0.31,1.78,2960,27.4,10.4,2110,NA,4770,1140,NA,290,493,215,122,350,NA,428,97,118,21,1480,NA,362,206,151,451,1190,NA,915,NA,935,831,91.1,77.7,34.9,140,614,205,65.6,118,220,329,120,201,314,20.8,1010,243,91,33,661,113,2.07,15.4,12.9,6.97
"165_009_107","23_025",1090,140,20,20.3,2.13,37.9,48.8,79.1,46.3,NA,13.2,3.35,474,NA,NA,353,NA,13.8,NA,7610,NA,3170,55.5,3810,1300,2820,55.3,NA,5880,118,NA,884,1410,2890,617,NA,2520,2640,9100,10400,6640,4400,511,1980,1100,615,6900,3730,5150,92800,NA,NA,4280,70100,693,997,2080,277,14.3,NA,3440,39.9,26.3,1650,NA,4420,878,46.6,NA,936,223,290,430,NA,856,20.2,412,NA,1270,414,330,126,469,742,958,287,NA,NA,NA,2960,1340,764,5.44,208,5840,254,123,424,216,273,199,511,197,1330,231,313,83.3,NA,458,2.79,23,31.4,11.7,14.5
"165_009_113","23_069",1410,219,27.9,NA,NA,564,NA,NA,70.9,NA,22.4,NA,8050,NA,1530,NA,552,NA,NA,3850,NA,3140,25.2,2200,1070,2070,17.2,NA,3200,243,NA,575,1540,9800,798,NA,4480,6390,17600,21000,13300,8940,825,2550,1530,1370,9730,4630,8230,153000,NA,30,6970,127000,1650,2060,3090,555,0.0846,5.02,4340,994,91.5,2700,10000,NA,1810,18.1,598,951,581,277,409,NA,598,100,235,NA,2160,NA,265,216,249,NA,1280,NA,NA,2500,1400,NA,229,96.1,109,258,1510,136,99.4,227,240,102,555,170,28.4,1170,NA,460,24.8,630,153,2.57,15.2,28.8,9.46,19.5
"165_009_135","23_134",2320,295,NA,NA,NA,411,639,NA,8.28,1.07,2.56,22.8,NA,1.27,67.5,NA,1.27,56,NA,3380,NA,231,53.4,1340,NA,1210,50.4,4.28,2440,472,NA,387,1590,15300,696,NA,2100,11700,19700,23100,19500,13300,2030,2000,687,NA,10200,2000,5970,121000,NA,64,3830,102000,2080,1770,2830,133,35.2,NA,5050,1530,2.68,3640,6340,NA,2430,1.64,NA,1380,470,297,489,NA,356,NA,209,NA,2920,8.18,499,131,122,1690,49.8,9.62,491,2020,3310,NA,180,310,138,346,783,227,255,213,604,305,129,288,21.4,654,NA,534,NA,1470,260,3.25,42.9,6.75,13,15.4
"165_009_172","23_242",4180,290,53.3,NA,NA,NA,NA,NA,10.6,NA,218,NA,NA,1.06,251,NA,465,NA,NA,21000,8.74,2000,352,6130,602,2280,138,NA,12500,447,NA,1180,3060,23300,691,NA,7330,16500,33600,34700,24100,17000,1970,2950,1700,NA,10400,4500,8310,159000,NA,199,6290,126000,2480,1810,4200,440,NA,NA,9740,221,193,4570,9980,NA,5090,22.6,633,1350,816,383,1230,290,553,NA,297,NA,2460,99.1,774,373,369,1740,728,462,NA,4040,1520,NA,110,172,129,258,692,113,132,180,478,NA,711,290,44.7,1420,323,42.6,NA,426,115,3.89,24,7.07,6.51,10.1
"165_009_185","23_105",1730,274,46.5,NA,23.8,114,179,NA,36.7,NA,145,NA,NA,NA,86.7,145,NA,44.9,NA,23400,NA,1000,197,6060,NA,2280,309,NA,15500,601,NA,778,3150,26000,591,NA,5590,8050,47300,57100,18700,12900,3100,4910,1540,742,21300,6620,12400,220000,NA,161,9080,179000,2860,1540,6930,590,NA,NA,7620,69.8,NA,6540,12500,NA,3490,54.1,1240,NA,1290,230,1380,1580,202,NA,269,NA,5420,95.2,408,156,897,2850,1470,NA,3920,NA,1640,164,88.1,73.2,470,NA,1260,312,346,191,471,212,669,NA,1700,302,360,34.3,656,121,3.07,22,12.5,12.9,NA,NA
"165_009_186","23_070",974,120,7.6,8.15,NA,636,720,NA,72.8,NA,74.8,NA,8710,NA,1690,NA,199,NA,NA,13300,NA,3490,264,3820,729,1830,73.9,NA,10700,451,NA,590,2000,12500,721,NA,5840,8430,28100,31900,11300,6830,1240,1500,675,29.7,8660,6290,7150,113000,NA,46.1,4300,89700,1710,794,1620,694,NA,NA,3510,NA,183,835,NA,2560,2330,NA,NA,968,648,352,615,NA,345,20.5,113,NA,1440,NA,266,201,257,567,670,491,NA,1500,1080,NA,85.8,119,82.9,203,420,64.7,94.4,115,307,NA,376,258,48.4,1090,NA,394,19.1,822,177,2.69,20.5,11,7.95,9.26
"165_009_189","23_085",1960,226,45.5,74.1,23.2,39.7,NA,NA,9.65,8.23,17.6,557,258,NA,482,138,NA,104,NA,4650,NA,2000,438,2100,843,1440,20.7,NA,3900,298,NA,706,2450,13100,355,253,8060,15300,29700,35200,13200,9130,485,3210,1920,3670,15500,4210,11600,167000,NA,25.2,9080,142000,1250,2790,2970,827,NA,83.6,6000,NA,555,1800,NA,6920,1770,NA,682,1070,708,349,580,NA,814,64.8,225,NA,2320,NA,703,332,503,2030,NA,NA,NA,NA,2840,593,NA,113,117,428,1130,567,608,738,469,NA,1250,358,31.3,1750,541,71.9,NA,596,146,5.08,27,6.88,7.81,NA
"165_009_198","23_009",1410,215,52.1,NA,NA,1130,NA,NA,247,152,NA,NA,14600,NA,6140,NA,NA,NA,1550,24500,NA,6780,700,9120,2090,4300,529,40.9,7410,1890,NA,1750,2920,8660,2310,464,3980,10600,22200,27500,16600,11100,4950,965,1620,228,14500,6650,11500,2e+05,NA,95.1,9170,163000,2630,1160,1980,1010,3.19,NA,5040,NA,543,936,NA,2840,2770,36,1130,287,888,706,554,1170,NA,243,178,NA,1850,NA,234,252,421,1470,1260,NA,NA,NA,1210,87.2,111,24.4,323,670,269,202,360,263,87.7,74.8,246,62.2,1080,NA,575,0.335,1650,235,2.54,16.4,18,12.6,17.9,NA
"165_009_202","23_008",3840,597,NA,NA,NA,NA,NA,NA,12.3,8.02,NA,6780,5650,1480,3210,164,NA,NA,1280,3460,NA,4760,144,3880,1010,1140,36.5,0.195,3400,575,NA,1260,2020,10900,1740,NA,8150,8780,16700,18500,16400,11000,1940,2380,480,1190,11900,2630,5680,128000,NA,16.8,3730,99300,1900,2560,3060,507,28.8,NA,9260,66.6,30.7,4520,10900,NA,5880,38.1,NA,2440,672,380,553,NA,447,14.6,131,NA,3530,242,843,689,711,3260,NA,176,737,8810,4420,NA,280,611,232,456,962,498,NA,70.3,916,266,512,418,69.1,1110,NA,527,28.8,618,148,3.34,14.1,40.5,15.3,12.7
"165_009_212","23_149",666,NA,166,32.9,NA,5.27,1.93,49,15.2,2.22,6.2,13,66.9,13.8,NA,151,NA,25.4,NA,15300,NA,523,137,1370,NA,3890,263,NA,4250,240,NA,451,924,1150,1360,109,4470,1080,12100,14700,1250,802,57.1,967,218,579,3230,1010,2080,41000,18.9,24,1530,37200,276,1090,798,148,2,5.77,1750,22.6,NA,840,NA,1930,1100,9.1,NA,718,130,216,144,129,192,142,164,NA,NA,1330,62.7,174,22,211,617,5.74,374,NA,1740,1700,NA,266,119,179,NA,450,220,146,139,NA,611,98.8,143,12.8,190,124,20.6,16.2,478,76,3.34,14.3,7.51,9.06
"165_009_217",NA,1660,231,NA,NA,NA,NA,NA,40.4,12.5,NA,52.1,7850,6720,1200,3110,426,NA,20,NA,22800,NA,4290,214,6790,948,1670,425,NA,16700,285,NA,946,1610,5470,632,788,5120,5460,10700,11100,11400,7380,998,2160,1470,NA,12800,3070,6380,106000,NA,72,3880,75900,1520,1470,2130,325,2.73,NA,3370,28.6,111,1950,NA,5320,939,9.47,NA,1770,361,474,318,NA,514,18.2,334,NA,2680,0.843,410,220,620,586,4700,NA,NA,2800,3260,NA,298,207,218,556,1710,NA,233,161,746,222,1350,1020,NA,1500,276,293,98.7,182,96.7,4.16,10.9,14.4,10.9,13.6
"165_009_22","23_167",442,47.9,4.12,6.81,5.55,395,324,NA,17.1,25.6,42.3,NA,9610,NA,1700,NA,NA,0.614,NA,4760,NA,2500,195,1870,796,980,27.4,7.08,3200,1230,NA,522,2270,35300,869,233,1960,3630,42100,54100,12800,9170,3230,2160,1040,171,5840,3910,6690,112000,NA,153,5170,98800,2790,695,3330,570,NA,NA,3130,NA,NA,2040,NA,7020,1620,2.97,405,763,957,198,871,78.9,379,81.5,88.1,NA,4310,53.2,138,46,366,NA,747,NA,NA,1420,708,NA,91.2,61.6,90.2,141,633,78.5,121,173,305,NA,22.3,120,15,120,105,134,1.91,317,70.7,5.9,21.8,9.87,5.94,9.61
"165_009_220","23_159",3380,536,NA,NA,NA,1040,NA,NA,799,NA,90.2,4980,3340,761,2160,NA,253,2.19,NA,94000,91.1,1520,1810,21400,NA,7140,548,NA,56200,900,NA,1470,5080,6200,723,3950,8800,8840,16800,11100,10000,6110,656,1530,3260,1030,10600,3690,5880,75800,311,NA,1960,38000,1410,1330,1460,1230,NA,NA,1590,2980,1600,1470,NA,5040,NA,73.7,968,376,799,1700,3830,NA,870,1050,1250,267,1070,NA,2080,1220,NA,NA,5380,NA,NA,2500,486,NA,176,508,NA,NA,1020,782,795,337,226,239,148,180,15.2,506,158,197,8.14,613,112,3.85,10.9,16.5,10.9,7.02
"165_009_25","23_166",1260,190,78.5,NA,26.5,109,60.2,NA,28.2,NA,103,NA,NA,1.81,140,8.87,4.58,41.8,NA,7000,NA,685,294,306,191,1460,111,NA,8450,882,NA,1140,2890,58400,48.1,NA,4850,24500,50700,56700,41600,30800,3160,3010,2120,NA,25400,6570,13600,210000,NA,213,9760,181000,3670,1790,5730,512,NA,103,7470,NA,329,4890,10200,NA,3390,NA,1360,NA,1030,175,613,1080,NA,126,74.4,NA,2950,1080,56.8,249,NA,NA,NA,NA,2180,NA,1070,22.2,152,158,209,661,NA,NA,129,182,199,179,107,111,386,414,428,47.7,904,189,3.25,14,19.4,7.82,13.2,NA
"165_009_52","22_222",1100,182,56,NA,24,46.7,211,NA,33.5,0.265,11.2,81.9,49,3.02,66.8,30.4,36.8,5.77,NA,11900,NA,450,136,2530,NA,1570,175,NA,10800,601,NA,588,2050,8990,884,226,3590,7160,18600,22100,24600,16800,996,3420,1280,NA,19200,4690,9350,187000,NA,76.6,7120,154000,1910,1630,4950,436,71.7,NA,7560,7.65,44.2,4510,13300,NA,2910,40.9,601,1610,490,698,351,1600,NA,146,248,NA,2100,715,278,521,1220,2880,807,1780,NA,2350,1940,144,145,137,260,NA,1300,161,314,295,342,137,256,194,878,208,448,14,NA,731,1.96,2.35,38.5,6.54,6.8,NA
"165_009_58","23_082",1220,145,15.8,1.46,NA,844,NA,NA,184,NA,95.7,NA,12700,NA,2690,NA,44.8,NA,NA,25200,NA,4460,232,4410,988,2840,289,NA,9850,1450,NA,1180,2730,46100,699,263,4950,14900,61500,70800,21400,13900,4780,3010,1370,2580,11800,10400,12700,140000,NA,337,5530,114000,4230,760,2560,772,NA,NA,3430,NA,388,1320,NA,3160,2540,NA,NA,1020,1100,317,806,NA,508,76,123,NA,2100,17.7,375,181,383,758,310,661,NA,1410,1030,NA,81.3,126,66,174,346,66.2,86,92.8,192,NA,353,295,62.9,1220,467,NA,1.04,1030,211,5.11,23.2,8.95,14.8,11.3
"165_009_79","22_217",747,56.7,3.6,5.42,NA,297,NA,71.4,NA,NA,NA,NA,6210,NA,2550,NA,NA,NA,461,6910,NA,2900,400,3520,1400,1250,106,NA,4680,1400,NA,1470,2270,16900,1720,243,3190,4080,23900,28400,17200,12000,1160,1880,2320,NA,7940,5410,8580,148000,NA,22,7650,118000,1270,674,4890,321,NA,NA,4690,NA,152,1830,NA,6530,1570,26.8,369,707,636,423,268,NA,1160,244,254,NA,1970,130,525,149,214,763,1060,NA,NA,NA,2060,NA,813,456,29.8,106,587,NA,208,254,378,237,114,151,48.4,88.2,147,170,16.4,414,93.2,2.88,14.4,9.44,NA,10
"165_009_80","22_206",1280,151,29.5,NA,NA,1180,NA,NA,129,46,NA,NA,11900,872,1920,412,NA,0.311,NA,6110,NA,4990,35.6,2690,1400,1540,35.3,NA,5960,280,NA,583,1630,3970,1040,NA,5070,12900,17800,20400,11800,7750,694,3400,1120,866,17300,4040,8130,169000,NA,3.98,6660,141000,1490,2260,4320,505,6.42,NA,7980,27.1,9.45,3980,8770,NA,3350,18.9,2000,NA,649,369,341,NA,1040,NA,263,NA,2350,NA,403,204,211,1440,377,1180,NA,2350,1780,52.4,102,131,327,NA,643,136,121,195,465,NA,929,215,1650,287,420,95.2,NA,419,0.944,5.44,25.2,4.51,9.37,7
"165_009_85","23_205",NA,NA,NA,9.48,34.2,63.9,215,166,NA,132,NA,NA,NA,NA,NA,88.7,NA,60.6,NA,46400,NA,925,275,8890,NA,4550,764,NA,24100,629,NA,821,2370,14100,992,NA,7180,14700,34400,40700,24500,15700,1960,5080,4160,2040,21500,6310,16100,257000,NA,88.7,12500,207000,1290,1590,7650,945,NA,NA,8050,NA,204,5400,17100,NA,2160,0.363,1240,201,783,NA,679,1460,235,564,NA,2600,NA,823,201,637,NA,3110,NA,NA,4720,1620,124,22.9,109,NA,740,1040,NA,396,265,531,181,304,32.8,15.4,694,301,2.61,659,153,NA,10.9,89.8,43.1,13.2,NA,NA
"165_009_96","23_078",988,96,14.3,NA,NA,775,NA,NA,79.6,49,NA,NA,5350,561,1160,243,NA,7.74,NA,4430,NA,2530,49.7,1290,1060,1040,20.5,NA,4640,199,NA,575,1840,9340,396,361,3590,6550,23500,24600,14000,9600,246,2870,2280,945,13900,5360,9070,163000,NA,8.05,7190,120000,861,1540,3940,511,9.09,NA,4490,15.5,36.2,2190,NA,6170,1440,49.9,NA,1340,379,433,110,NA,1320,208,451,18.6,1850,NA,571,368,576,NA,NA,NA,NA,2250,1750,NA,185,223,141,254,703,113,108,230,417,141,510,251,39.2,1010,NA,379,0.279,566,165,1.41,15.2,6.44,7.38,NA
"165_009_98","23_066",1210,NA,17.8,NA,NA,NA,NA,NA,6.46,NA,NA,NA,NA,NA,60.6,NA,1050,NA,NA,9230,NA,377,69.3,2590,NA,1200,95.3,NA,7810,161,NA,349,1480,2610,527,306,4790,8090,15700,18400,7040,4360,513,4280,1470,3420,20000,5430,10500,205000,NA,115,8290,162000,1280,2710,5800,458,15.9,NA,10300,83.7,NA,3790,10500,NA,4170,43.7,2260,35,374,394,291,1020,51.3,359,31.9,NA,2230,43.3,507,442,361,2290,650,NA,5220,NA,3000,387,133,172,376,845,483,206,313,516,191,397,700,NA,1360,NA,271,66,247,81,3.54,14,43.8,9.46,NA,NA
"165_009_99","23_199",NA,NA,99.4,5.47,7.91,905,814,NA,32.6,465,NA,NA,8300,NA,2040,NA,NA,16,221,5010,NA,2320,89.6,1420,797,602,57.2,NA,4170,117,NA,766,1190,3110,234,230,2270,3340,6910,7750,6920,4720,294,1210,762,NA,6400,3400,2980,57000,NA,5.53,2510,45000,299,912,1270,202,NA,21.1,2510,NA,225,1110,NA,2260,596,84.7,NA,557,211,111,96.8,NA,573,20.3,183,4.52,NA,750,204,36.9,229,NA,NA,472,NA,NA,1610,827,NA,64.7,52.1,89.4,215,340,59.6,216,189,NA,244,NA,212,NA,808,199,102,76.8,333,74.3,3.17,17.3,12.5,NA
"165_009B_106","23_071",1120,NA,149,28.1,3.04,17.1,234,NA,15.2,3.33,2.1,4.78,295,13.4,129,NA,32.2,53.2,NA,3650,NA,237,11.5,828,NA,853,121,1.24,2770,605,NA,382,1430,5320,717,NA,2290,4890,14800,19200,11000,7640,334,2750,579,NA,12800,4260,4980,116000,4.55,38,3660,115000,1030,2540,3640,82.4,8.73,NA,6670,5.66,95,4340,NA,5290,4810,131,NA,959,357,164,221,154,479,106,136,12.9,NA,2460,1200,153,133,163,536,394,557,131,1640,2050,NA,560,88.4,241,314,719,110,209,59.2,NA,662,58.5,190,13.9,387,740,NA,16.6,888,139,7.81,14.2,14.6,16.6
"165_009B_107","23_125",NA,6.54,89.7,16.9,NA,359,405,NA,NA,40.2,61.1,NA,5890,NA,988,NA,102,14.8,NA,12400,NA,1900,42.8,2770,279,1310,20.3,NA,7760,78,NA,483,901,3360,395,242,3050,3740,7160,8260,4230,3040,732,773,253,303,4060,1930,2340,55900,NA,35.1,1810,49200,650,712,1290,146,2.6,28.7,2390,39.9,3.24,1640,NA,2490,1470,10.7,NA,708,431,46.2,283,NA,609,37.8,164,NA,635,NA,467,140,NA,869,253,155,111,266,422,303,50.4,52.3,31.3,86,NA,171,39.4,61.8,54.1,140,8.79,16.7,194,20.2,841,387,44,13.5,874,162,4.13,28.8,8.39,5.25
"165_009B_115","23_113",1150,184,65,NA,NA,831,NA,96.9,342,NA,43.2,NA,18700,NA,6300,NA,NA,NA,NA,68500,NA,6620,910,20800,NA,12500,1290,NA,25700,835,NA,1560,2800,3370,5300,101,7460,4760,10600,13100,11100,7080,526,2330,944,1180,14000,3390,6820,136000,NA,NA,5350,113000,1020,1440,2630,352,433,NA,6730,244,41.6,2610,NA,6850,2910,15.7,448,634,494,386,983,NA,1080,135,557,NA,2300,NA,581,282,1460,2210,2030,2940,NA,4830,2330,NA,809,289,199,224,1920,257,262,515,423,255,146,91.5,214,492,161,202,31.5,471,93.7,4.02,20.8,35.4,4.63,26.1
"165_009B_121","23_130",1850,250,NA,NA,NA,NA,NA,43.3,NA,84.9,NA,10200,9020,1960,3230,NA,995,NA,NA,11600,0.521,5270,163,2970,1160,1540,33.1,NA,15200,321,NA,840,2520,16100,498,NA,7320,14200,23400,24400,22700,15900,955,2670,1400,6.11,15500,3930,8110,160000,NA,81.3,6040,127000,1830,1360,4490,256,10.4,39.6,6440,32.9,112,5200,11100,NA,3200,NA,716,1750,642,378,242,NA,722,94.7,236,NA,2390,NA,728,396,404,1900,NA,1290,NA,4430,2230,NA,72.3,222,152,369,748,134,129,240,632,NA,1120,357,62.3,1790,NA,500,NA,452,196,5.93,49.1,16.4,18.7,NA
"165_009B_122","23_097",1.04,NA,116,15.5,NA,575,894,NA,35.5,NA,54.9,NA,9000,NA,1750,NA,206,120,NA,3180,NA,2050,30.8,1320,568,357,24.8,NA,4110,198,NA,571,1160,4310,184,66.7,2680,4850,7860,7590,8100,5530,466,960,555,NA,6740,2650,3220,61500,NA,32.7,1990,43700,574,665,2020,120,3.14,21.4,3030,30.9,18,2470,NA,3910,1100,22,NA,908,159,147,96.3,NA,342,NA,153,6.84,1390,86.2,437,103,138,124,877,57.9,279,NA,1860,1540,249,171,118,166,4900,NA,32.8,138,72.8,466,206,157,291,30.6,438,200,90.1,1.58,473,4.56,4,19.1,NA,11.4
"165_009B_124","23_049",NA,NA,504,79.4,NA,27.3,551,NA,NA,0.39,NA,2300,NA,708,1170,NA,NA,457,338,4950,NA,1640,49.8,2610,NA,2240,34.7,2.79,2050,549,NA,774,1140,4000,2460,227,6220,2960,9050,10900,7410,5040,860,1650,312,716,5310,1150,3800,69400,NA,8.7,1960,54400,863,1810,1410,316,11.4,NA,2880,1000,23.8,1690,NA,3470,1830,0.508,NA,1330,220,332,206,NA,237,64.3,230,9.45,2420,NA,31,633,486,383,2650,68.3,544,NA,13200,3450,66.4,535,921,437,1000,1060,666,37.1,86.7,1290,NA,166,431,54.1,786,722,NA,22.1,1100,NA,3.89,13.3,51.3,18.1
"165_009B_127","22_233",NA,203,NA,22.7,0.62,1020,1070,NA,NA,269,129,NA,16000,NA,6300,NA,NA,NA,3160,4950,NA,3580,909,4000,NA,783,46.9,NA,6010,1300,NA,1170,1430,2820,2090,485,3190,2260,10500,12100,5340,3640,422,1990,282,531,7920,2060,3470,76400,NA,25.5,2520,63000,829,1100,2190,292,38.5,NA,2560,6.94,51.7,2210,NA,3750,797,34.3,NA,754,149,405,298,NA,572,117,96.8,162,1870,NA,938,254,1060,871,1600,1250,NA,NA,2770,2810,612,299,88,258,1340,454,212,239,351,605,319,245,377,28.6,445,298,20.1,NA,743,NA,1.68,24.6,26.9,10.9
"165_009B_143","23_139",920,112,9.94,14.3,1.01,583,NA,57.8,242,90.5,NA,NA,13400,NA,5680,NA,NA,NA,1320,37100,NA,4000,736,13600,NA,3810,1060,NA,17000,1130,NA,1620,1410,2330,3000,262,5650,6580,11300,13500,6370,3900,649,2200,1050,2870,10700,4260,6440,130000,NA,39.9,5400,105000,460,1020,3110,258,113,NA,6510,72,86.1,2520,NA,7450,2790,39.7,504,938,362,302,753,NA,881,49.3,466,5.89,1270,9.6,340,229,612,2000,1550,2170,NA,2250,1360,NA,224,200,241,470,844,NA,252,517,301,NA,47.2,91.9,255,340,151,211,20,635,117,3.54,26,55.6,7.32,15.8
"165_009B_150","23_038",NA,0.221,126,22.7,10,24.1,16.3,10.3,197,87,208,NA,448,23.9,115,250,NA,179,NA,22600,NA,1140,1020,4180,269,3910,355,69.1,16600,256,NA,1070,1270,8510,658,2110,8200,7380,15100,18500,10800,7400,594,1380,1150,4230,7170,3140,5730,78200,NA,104,4220,67400,1500,744,2570,588,NA,NA,1750,NA,485,1430,NA,6250,384,21.4,490,478,322,140,321,232,568,147,133,7.32,1140,NA,396,143,NA,NA,NA,NA,NA,NA,2760,606,81.2,47.8,140,321,715,486,249,313,282,293,134,217,549,15.5,1350,246,48.8,NA,659,NA,6.12,19.3,17.9,8.25
"165_009B_151","23_086",1400,233,17.1,49.8,14.6,53.4,138,72.7,26.2,NA,187,64,973,NA,69.3,255,861,NA,NA,16400,NA,3390,146,4060,677,1780,107,NA,12100,409,NA,497,1870,5660,686,NA,5090,6420,13000,16000,12100,8470,667,2260,832,600,9690,1860,6440,124000,NA,33.5,4660,103000,1130,1310,2740,401,48.2,NA,3370,45.5,36.4,2160,NA,8980,1380,NA,533,1080,478,329,876,NA,604,141,310,NA,2200,NA,497,119,NA,1170,1700,1510,NA,2740,1590,NA,224,98.4,185,326,861,NA,141,311,NA,415,124,330,207,930,185,324,23.7,1.32,550,4.06,20.8,27.4,4.73,4.95
"165_009B_154","23_089",NA,90.8,NA,6.89,4.32,925,948,NA,284,329,NA,NA,8300,NA,2250,NA,NA,NA,NA,15100,NA,2390,187,2060,916,1260,186,NA,6090,327,NA,825,1220,7810,408,87.9,1900,2780,9110,10400,10400,7370,729,1010,806,NA,6510,3310,4620,74400,NA,22.1,3410,57500,626,560,1090,126,35.4,NA,2130,NA,195,1480,NA,2690,509,11.2,NA,268,344,179,178,NA,496,66.9,352,NA,995,NA,299,35.1,57.8,55.7,478,276,NA,NA,NA,913,260,149,40.5,101,813,136,133,398,201,361,NA,170,222,NA,1090,210,119,38.5,694,2.09,2.08,20.9,11.5,7.25
"165_009B_168","23_109",1.38,NA,166,33.7,NA,754,1140,NA,47.8,12.8,54.8,NA,6000,NA,2010,NA,185,NA,1760,2980,NA,2780,50.1,1520,748,769,24.4,NA,6950,146,NA,864,1360,1970,490,128,7300,9940,7640,8160,5540,3500,809,2050,476,3590,14200,2880,3710,80200,NA,9.35,2760,64300,546,1020,2630,229,1.88,36.4,4500,13.3,17.7,2270,NA,6270,2330,43.3,NA,1330,120,283,56.8,NA,492,47.6,237,50.1,1980,367,618,254,264,337,1900,NA,580,NA,2890,3230,NA,480,342,252,994,353,100,58.8,53,787,NA,136,338,41.4,416,444,58.3,NA,648,4.34,3.91,27.5,4.71,9.14
"165_009B_179","23_098",2590,401,NA,NA,NA,NA,74.6,NA,20.7,NA,230,NA,NA,NA,NA,801,NA,41.7,NA,37800,NA,1830,965,11300,1500,3370,665,NA,30200,338,NA,1110,3630,12400,1170,NA,12400,17100,19500,18600,15300,10700,1200,2530,1930,NA,14900,6520,6490,107000,NA,42.4,4680,85700,1660,1240,3050,573,31.6,NA,3790,183,494,3330,NA,6400,947,67,575,1120,557,487,365,207,387,50,312,NA,2330,NA,1150,434,2230,3730,NA,NA,NA,3260,2510,NA,70.1,201,140,524,990,437,398,471,683,250,774,363,46.1,1410,NA,319,44.5,483,116,4.45,19.7,13.5,11.5,6.11
"165_009B_182","23_077",NA,13.2,57.3,3.69,9.35,454,582,NA,NA,105,64.9,NA,6100,0.349,914,1330,99.5,5.82,NA,5480,0.603,1780,131,1580,497,454,27.5,NA,4240,180,NA,468,1050,2330,236,242,2390,3010,6120,7860,4500,3070,221,1230,411,465,7360,1770,3030,58400,NA,12.1,2650,48100,436,754,1110,274,3.43,15.7,1520,NA,37.7,864,NA,3010,NA,479,NA,510,187,140,137,NA,254,23.9,78.4,74,NA,1120,66,317,109,180,108,519,NA,NA,1070,NA,831,88.5,76.3,86.6,121,463,NA,68,163,220,234,NA,356,140,NA,748,160,74.9,30,394,97.2,5.11,25.9,18.5
"165_009B_184","23_083",77.7,16.9,10.4,NA,47.4,85.3,NA,16.8,24.7,11.4,NA,24.6,NA,21.8,NA,1780,NA,NA,10300,NA,431,189,86.8,3220,NA,1360,131,0.21,8190,267,NA,342,2230,8000,887,575,4920,6410,34600,43200,15500,10400,232,7380,2410,3260,19000,9490,15600,303000,NA,155,13100,252000,2300,4630,4970,751,151,NA,13100,4.72,NA,1810,1470,1180,7180,NA,1820,839,298,551,2650,NA,130,109,84.5,2440,103,208,64,110,486,260,492,NA,1420,NA,233,204,116,199,524,253,296,231,355,160,272,NA,1250,261,470,NA,0.643,1900,2.43,16.3,31,9.84,12.4,NA,NA,NA
"165_009B_193","23_081",NA,NA,30.1,6.79,5.41,132,30,10.2,18.6,7.02,NA,234,NA,NA,NA,7.77,NA,27.4,NA,25100,NA,313,NA,3130,NA,1950,463,NA,6860,1160,NA,547,2580,25800,842,204,2160,9230,24100,30000,36900,24300,4730,3040,1190,1970,17400,11900,13500,210000,127,78.3,7040,179000,4020,1640,3010,439,30.3,NA,7000,NA,224,1370,3490,NA,5200,47.7,1570,NA,973,445,602,681,437,247,3.96,2180,NA,NA,747,79.2,95.5,573,164,431,946,NA,1690,113,190,96.4,261,423,265,115,89.6,344,44.9,226,260,NA,1360,551,NA,NA,1850,NA,12.7,50.9,6.32,7.64,NA,NA
"165_009B_196","23_014",NA,108,4.43,56.4,11.7,177,NA,25.5,NA,90.6,NA,NA,NA,8.57,154,NA,NA,137,7980,NA,NA,705,167,1600,NA,1740,69,NA,10800,815,NA,716,2510,15700,501,162,5930,14600,27500,32900,22200,15200,3240,4070,2340,827,18200,6810,15200,261000,NA,72.2,11700,209000,3480,2420,6940,536,14.8,NA,11000,14.3,68.3,5360,13500,NA,4090,0.542,1760,1210,430,1020,NA,879,NA,370,NA,4990,66.9,441,139,353,386,2080,NA,2390,3410,3010,180,261,216,104,292,2600,398,182,290,498,1190,NA,21.5,1370,225,588,27.9,471,156,4.19,11.3,27.6,14.2,NA,NA,NA
"165_009B_197","23_007",2930,482,NA,NA,NA,874,NA,NA,25.8,1.31,1.61,4080,2320,476,1360,33.5,NA,102,NA,10100,NA,3570,130,4990,777,1240,25.7,NA,9710,276,NA,799,2100,3710,1650,244,8230,15400,21800,22600,7470,4630,259,2770,1210,3420,15600,2540,7600,169000,NA,135,5770,129000,848,2410,2820,643,NA,NA,11600,629,345,3090,6440,NA,4450,NA,NA,1700,459,364,572,NA,985,175,414,NA,3350,NA,831,415,721,3020,NA,1830,NA,3240,4560,NA,247,448,430,NA,1100,232,232,248,569,NA,281,157,23.8,569,363,45.1,1.06,541,126,3.34,25,8.51,8.34,5.97
"165_009B_199","23_047",10.6,574,60.2,NA,4.77,4.17,20.5,40.4,27.4,3.93,3.62,22.2,9.55,11.6,NA,108,NA,62.6,NA,176,1550,702,33.3,275,185,276,14.9,1.03,1280,91.6,NA,159,867,1230,94.2,84.9,2950,1580,5700,6760,1150,769,59,455,55.3,366,2750,638,1170,22600,NA,81.9,867,19300,132,401,694,95.5,1.06,7.03,614,253,8.21,903,NA,1600,NA,333,NA,174,38.2,98,47.7,147,NA,164,NA,80.5,3.18,552,12.4,108,NA,54.1,NA,521,136,270,NA,2220,451,NA,47.8,15.7,118,NA,247,41.1,62,47.5,26.2,225,83.4,150,NA,617,134,198,56.6,NA,467,3.35,5.7,18.2
"165_009B_201",NA,NA,494,NA,NA,NA,NA,1170,NA,NA,3.05,15.2,NA,2100,214,1010,163,NA,31.8,NA,4600,0.94,1120,312,1270,389,1080,36.7,NA,6320,202,NA,1360,2420,10100,192,107,7330,8470,18200,17100,10900,7760,1050,2000,480,438,12300,1900,5350,99900,NA,37,3430,73900,743,1130,1910,515,63.1,NA,5840,2100,773,2990,NA,7040,1890,NA,705,510,343,133,237,196,386,92.3,190,65.6,1850,8.37,631,514,NA,NA,3240,NA,NA,3210,2240,NA,68.1,216,173,556,821,NA,385,400,NA,591,327,194,136,939,211,422,52.2,NA,580,2.33,20.5,11.3,9.86,7.73
"165_009B_214","23_155",1450,187,NA,19.9,10.1,308,262,134,138,18.6,44.2,NA,14300,NA,7680,NA,NA,NA,1320,22700,NA,5160,1390,11400,NA,3590,266,NA,8870,2410,NA,2440,3240,3040,4550,599,3000,3150,18800,23300,6640,3700,196,2540,757,892,8190,2660,5400,113000,NA,125,4810,96100,646,2590,2100,288,NA,NA,5660,NA,263,1430,NA,3590,2030,15,NA,657,516,452,274,NA,665,113,479,NA,1650,NA,189,182,755,3970,1500,NA,NA,NA,NA,1470,271,607,NA,609,641,467,376,556,248,515,220,79.3,161,107,42.1,642,8.63,NA,423,7.64,19,7.19,6.44,6.56
"165_009B_216","23_154",964,197,24.5,5.71,NA,105,58.2,4.7,16,117,NA,NA,NA,26.2,NA,3000,NA,NA,NA,15400,NA,415,77.9,5480,NA,1430,135,NA,13100,330,NA,333,1660,3370,1050,271,5290,5950,26200,34200,9210,5960,640,8820,2270,3420,14700,5550,11400,216000,NA,85.9,10200,187000,1740,2900,3200,1050,NA,NA,6480,18.9,NA,1610,5140,NA,3740,1.62,2090,NA,572,402,570,1220,NA,162,111,2780,NA,NA,271,213,133,674,183,592,1480,1030,2120,237,188,138,280,594,290,136,158,462,NA,149,279,NA,965,NA,429,21.7,1340,265,7.67,18,33.8,8.72,14,NA
"165_009B_219","23_232",1040,NA,118,13.5,NA,46.3,NA,117,10.1,15.8,23.4,29.6,54.1,63.5,113,45.9,NA,41.6,NA,10500,NA,317,40.9,2240,NA,2720,88.4,0.681,4200,143,NA,295,1390,6700,922,72.5,1640,2360,20500,24200,6840,4730,503,3010,366,NA,6590,1640,4830,76600,0.921,11.1,2800,64800,1060,1310,2540,167,22,NA,2990,30.4,NA,1470,139,2750,1350,30,NA,489,166,172,468,NA,471,149,177,NA,1830,NA,88.1,420,284,376,770,272,1300,NA,2270,2520,352,590,120,286,611,555,225,285,239,535,320,126,325,25.4,332,382,37.4,20.3,861,157,3.62,18.2,26.2,11.1
"165_009B_60","23_178",NA,17.4,55.3,NA,927,917,53.4,287,NA,20.9,NA,30500,NA,NA,10700,NA,NA,NA,NA,131000,NA,10100,1390,43500,NA,9520,3280,NA,50100,1530,NA,2670,3490,6060,5280,269,12700,13000,31500,40800,13600,7940,NA,6460,2090,3040,23800,5330,19000,298000,NA,222,13800,244000,1590,3020,9350,895,NA,NA,14900,148,49.5,6550,19400,NA,5390,30.5,1560,1090,668,NA,1080,1940,61.4,849,30.1,3160,1.21,818,328,664,NA,3320,NA,NA,3610,1780,124,135,68.6,191,343,976,280,507,342,422,265,239,27.4,941,195,342,7.16,683,132,3.72,5.38,20,10,NA,NA,NA
"165_009B_66","22_218",1950,318,87.6,NA,20.1,25.9,NA,197,66.6,NA,204,NA,NA,NA,372,NA,NA,270,NA,23900,NA,1660,176,2450,NA,2350,194,NA,20100,531,NA,786,2150,9240,149,258,13100,10100,40500,47800,10000,6180,378,3930,1570,2180,18900,6820,12500,206000,NA,166,8790,171000,1840,2250,4900,963,NA,NA,5870,116,70.1,3360,9770,NA,2260,59.1,1370,213,963,379,628,2340,NA,80.1,351,NA,3420,20.5,485,526,769,NA,NA,NA,NA,5690,2120,NA,157,310,454,NA,836,363,243,246,546,266,1040,21.6,1730,288,438,12,473,119,3.98,3.66,27,6.6,5.88,NA
"165_016_02","22_282",1430,177,9.19,10.6,NA,1080,NA,NA,112,NA,35.8,9480,6580,2090,3790,NA,NA,NA,NA,12200,NA,5250,77.7,3990,1380,1420,114,NA,15400,510,NA,1370,1940,9550,853,131,7350,15100,24500,27000,13300,9180,1250,6040,546,968,17100,1900,7470,149000,NA,90.9,4890,122000,1640,1840,2690,449,NA,47.9,4470,NA,NA,2590,NA,3720,2510,NA,NA,1780,287,349,349,NA,1710,130,158,NA,2540,1.46,588,398,464,2390,530,1800,NA,3290,2810,NA,210,195,173,376,782,184,127,173,750,NA,697,264,NA,1290,337,59,1.07,285,145,4.59,33.3,5.96,9.8,10
"165_016_15","23_059",762,76.1,NA,9.09,2.4,48.7,101,49.6,14.5,NA,37.8,69.8,NA,17.7,21.9,32.8,NA,291,277,2970,NA,168,40.1,649,NA,467,43.3,NA,3680,126,NA,316,1280,8330,149,NA,2080,6300,23400,27300,11200,7270,560,3390,905,389,8750,NA,6860,125000,NA,114,5680,107000,919,1230,2410,NA,NA,NA,4600,1.07,NA,1180,NA,1910,2340,NA,NA,844,624,92.5,301,NA,667,33.4,97.9,25.3,1160,NA,256,34.4,69.4,NA,443,270,NA,971,647,NA,84,42,57.5,143,892,59.1,83.6,273,162,252,156,386,186,1630,285,526,25.1,NA,1090,5.83,26.4,24.5,10.6,23.9
"165_016_16","22_268",646,74.3,10.6,11.5,2.27,306,NA,NA,28.8,0.797,27.9,NA,4220,NA,880,NA,NA,74.1,NA,7470,NA,2700,126,2610,713,894,48,NA,5030,244,NA,668,1150,8640,315,NA,3020,5040,22600,28300,10100,6540,562,3950,1130,446,11700,6980,8400,135000,NA,100,6330,113000,1440,2290,1950,500,10.2,14.5,2020,80.3,240,791,NA,966,827,26.7,113,554,642,203,529,NA,825,NA,106,83.2,1670,NA,141,128,73.9,590,301,715,NA,1350,690,NA,48.2,54.6,107,155,429,65.7,108,271,277,108,286,213,NA,1290,NA,262,25.3,773,125,4.25,14.6,7.97,17.7,NA
"165_016_20","23_058",1820,324,129,NA,39.7,21.5,NA,192,56.7,NA,222,NA,NA,NA,NA,239,NA,90.8,NA,22900,NA,938,144,4210,NA,1580,229,NA,17000,588,NA,543,1650,8260,535,232,5200,7130,23100,29400,16200,9730,1080,4600,1290,427,16500,NA,10600,182000,NA,44.6,7920,145000,2110,1710,2570,1210,NA,NA,5910,14.4,121,1010,NA,2520,2550,NA,NA,1320,801,495,553,NA,930,130,296,NA,3770,NA,349,177,331,1700,613,NA,NA,2520,2250,195,127,134,346,NA,736,264,231,297,438,NA,717,239,1490,260,388,66.8,NA,524,2.84,4.25,29.1,10.7,10.4,NA
"165_016_31","23_243",1360,159,43.6,NA,1.19,106,277,NA,33.1,2.81,1.62,NA,NA,NA,NA,271,17.2,80.2,NA,7040,NA,2190,52.1,2460,496,3560,34,1.54,4360,404,NA,676,1480,2800,770,160,6320,2790,17800,21900,4350,2820,189,1880,331,1920,8020,1610,4530,102000,NA,71.7,3210,91200,787,1990,1920,385,6.16,NA,5530,52.1,NA,1970,NA,4210,2700,13.5,NA,1070,260,278,435,NA,466,153,118,27.5,2370,84.5,363,107,422,243,1640,225,1300,1840,3140,NA,190,343,197,413,820,NA,325,213,NA,763,70.9,97.5,270,568,131,323,17.4,NA,1220,2.88,17.7,17.3,9.87,20.2
"165_016_39","23_244",984,112,12.8,12,NA,569,418,NA,265,NA,NA,NA,5880,NA,1260,NA,NA,0.0342,704,14100,NA,3260,191,4910,985,2060,189,NA,7140,278,NA,919,1500,3550,842,110,2440,4540,9800,11000,9240,4930,1170,2010,1230,651,7080,8370,5340,92800,NA,NA,4130,67400,718,687,917,597,NA,NA,2300,8.83,121,707,NA,1790,856,NA,45.9,662,419,410,265,NA,1010,105,429,NA,1610,NA,20.1,232,425,284,1420,NA,NA,NA,NA,2970,1110,431,33.3,351,3970,196,281,498,232,498,NA,225,445,NA,1320,271,71.7,0.941,471,NA,3.31,17.7,39.6,8.69
"165_016B_23","22_288",171,20.8,80.3,10.2,4.83,326,323,NA,14.8,52,31.5,NA,3120,1.17,548,719,NA,69.5,523,7800,NA,1600,189,2230,620,639,208,NA,6830,232,NA,652,1280,12900,145,NA,1770,3330,13500,15200,9450,6420,973,2010,860,NA,4080,2060,4340,65700,NA,22.1,3130,54700,971,606,1060,311,NA,2.38,1350,NA,132,725,NA,1970,749,NA,60.7,503,371,169,220,NA,521,39.1,282,3.42,1050,NA,474,NA,102,176,951,NA,NA,NA,2040,611,153,30.2,21.9,110,116,697,150,350,209,NA,366,155,287,NA,1430,260,285,17.1,816,134,4.13,19.3,20.5,7.93
"165_016B_25","22_285",1120,134,NA,10.4,4.45,1290,NA,48.8,NA,417,NA,NA,6020,NA,1370,NA,NA,228,862,27100,NA,4240,314,8030,1240,3140,557,42.8,11000,510,NA,1210,1810,4670,1070,113,3320,11700,9370,12400,12400,6940,5610,666,2160,631,9740,8850,5190,89000,NA,45.6,5100,73900,675,486,623,609,431,NA,2390,79.8,198,782,NA,2500,NA,58.8,NA,274,386,522,447,NA,821,187,450,NA,1340,NA,150,498,NA,1910,1590,1420,NA,NA,NA,903,22.4,88.8,21.4,461,541,NA,353,226,93.5,210,46.9,147,256,1110,275,206,1.65,3.9,1020,1.92,15.4,16.4,25.4,14
"165_016B_34","23_215",680,68,3.67,4.9,2.66,378,278,50,NA,NA,NA,NA,7310,NA,2830,NA,NA,0.37,NA,7550,NA,2190,155,2730,486,1350,17,NA,5130,246,NA,478,1390,1040,707,80.5,2900,2120,9970,12000,3730,1930,214,2310,633,1200,8180,5450,4780,85300,NA,7.43,3650,67800,435,1250,1050,284,NA,0.849,2090,6.6,NA,737,NA,1350,906,38.2,NA,380,232,122,166,NA,499,65.8,146,23.3,1200,NA,87.3,433,454,355,593,256,1080,NA,NA,1310,196,269,159,273,563,NA,128,400,169,296,63.7,104,112,522,90.5,111,39,2.21,271,1.76,9.01,8.37,5.6,6.3
"165_016C_52","22_264",1490,163,NA,NA,NA,923,NA,NA,146,93.3,NA,3940,2810,1040,1840,166,NA,NA,631,3960,NA,2570,60.8,1800,864,980,20.9,NA,6990,163,NA,1070,1800,7610,212,214,6170,10500,14800,14700,13500,8650,978,3990,1410,1140,10600,NA,7050,127000,NA,184,5390,94600,1080,1290,2030,726,NA,93.4,5140,NA,298,1600,NA,3020,1330,86.4,NA,1080,359,175,205,NA,1280,124,266,NA,1540,NA,844,330,944,NA,NA,NA,NA,2200,2000,NA,121,128,203,402,603,225,231,297,450,171,255,697,38.6,1660,311,373,22.5,542,124,5.16,28.2,23.7,9.27,9.14
"165_016C_59",NA,1130,139,43.9,6.06,78.1,112,106,8.58,25.3,10.8,5.57,NA,57.4,NA,55.4,1.04,NA,182,NA,4130,NA,421,68.7,1020,NA,995,66.2,NA,4090,700,NA,426,2020,9190,458,143,4190,6620,30700,34100,14500,9250,1200,5510,1320,1160,12800,10500,10400,191000,NA,310,6880,151000,2120,2530,2930,769,NA,NA,4920,1.39,NA,1800,NA,3190,2610,42.4,1430,NA,707,423,591,1020,88.5,274,NA,NA,2950,NA,518,185,246,1280,240,NA,2410,1470,2380,127,174,164,391,734,537,300,124,310,690,424,652,NA,1370,240,291,83.5,449,135,3.43,9.92,26.8,12.5,10.9,NA
"165_016C_60",NA,1340,173,106,NA,14,98.2,NA,NA,26.7,NA,75.4,NA,NA,NA,143,NA,NA,112,NA,13800,NA,479,106,2800,386,1520,559,NA,9660,2190,NA,651,1860,15000,682,NA,3940,9460,24800,29700,25500,17100,2810,5210,1680,NA,21400,NA,11200,192000,NA,176,7050,156000,3310,2370,2900,443,26.6,NA,3690,NA,284,1860,2490,558,1980,NA,935,NA,821,324,778,814,NA,NA,300,4340,NA,NA,474,172,244,1900,NA,2060,3310,NA,2350,65.7,145,153,364,675,354,192,54.4,175,579,284,544,NA,1580,NA,400,113,526,111,4.05,14.1,39.6,18.8,24.4,NA
"165_016C_61",NA,NA,21.6,61.5,2.72,3.51,671,668,NA,NA,113,130,NA,9960,NA,1690,NA,NA,16.6,NA,1200,NA,3010,21.8,1290,795,283,8.64,NA,1270,293,NA,469,960,5750,281,44.7,1420,3030,11200,13900,8630,5890,510,2470,622,406,5940,6150,5510,93400,NA,23.4,4220,79100,888,1200,1460,377,NA,1.37,3150,1.23,50.6,767,NA,1770,1680,14,NA,550,364,176,175,NA,559,66,117,NA,1190,NA,232,46.6,85.7,33.6,434,199,NA,NA,867,773,73.4,44.6,31.9,208,334,220,107,75.9,164,318,NA,152,179,NA,910,184,136,47.9,436,68.6,5.71,20.1,21.6,12.7
"165_019_08",NA,1190,149,NA,36.1,NA,179,297,NA,28.3,NA,56.1,NA,3380,NA,NA,NA,NA,94,NA,29900,NA,3520,322,8960,601,4400,83.9,NA,10600,939,NA,969,1820,5560,1670,NA,4720,2820,10700,12800,8170,5770,1150,1470,357,611,11100,1360,4440,91800,NA,86.5,2930,81600,1360,1480,1110,485,NA,NA,2520,74.5,102,720,NA,793,1360,5.5,57,944,169,322,748,NA,660,121,209,NA,2340,NA,28.5,284,952,NA,1420,498,1360,2200,897,2870,307,334,98.4,394,748,682,332,283,196,796,405,NA,354,48.2,572,302,44.4,NA,460,1.68,4.27,15.9,10.9,6.25
"165_019_12","23_145",672,NA,205,58.5,NA,186,295,NA,13.2,NA,66.9,3.52,1890,23.7,NA,NA,NA,38.4,NA,18700,NA,2450,188,3370,313,5000,82.3,NA,4980,253,NA,547,1240,1710,906,510,5340,1580,5790,7280,3060,2220,133,1560,174,1340,5400,829,2440,62000,NA,NA,1700,50700,536,1350,905,334,1.68,NA,3020,NA,65.7,471,NA,727,2880,NA,NA,668,170,57.5,NA,547,174,112,90.1,44.2,1330,NA,26,188,174,208,843,270,329,NA,1630,955,NA,136,114,111,204,377,109,85.5,69.8,NA,817,127,282,35.7,777,115,108,25.2,366,51.6,4.96,21,11.3,9.61
"165_019_13","23_146",NA,NA,176,11.8,137,50.6,NA,308,NA,2.92,NA,135,1240,NA,223,566,8.03,170,1150,7740,NA,1600,290,1830,307,1900,18.9,NA,3440,226,NA,610,1240,3480,1330,890,6760,2900,6010,6690,4400,3220,420,1340,201,1190,4090,673,2020,37600,NA,25,1250,29900,601,1020,860,236,1.14,17,1200,302,118,620,NA,843,719,15.4,NA,484,100,74.3,NA,355,106,79.2,163,NA,NA,1270,68.3,416,194,NA,1120,136,282,NA,4230,1370,NA,69.6,240,54.5,133,365,NA,74.6,15.4,96.3,389,NA,508,26.1,358,243,271,85,NA,574,3.42,7.14,22.4,7.16
"165_019_14","23_148",NA,NA,499,38.4,NA,NA,NA,NA,49.4,6.55,38.5,NA,3130,806,NA,NA,NA,61.2,NA,49900,NA,2890,249,4730,671,4700,920,NA,9410,436,NA,803,1500,1510,676,459,8090,2980,4900,5590,4240,2650,176,1600,124,1930,6780,2410,2550,62500,NA,78.7,1470,50000,460,1520,NA,372,26.1,NA,2570,741,91.1,1030,NA,932,1710,15.6,NA,529,221,48.7,280,NA,235,129,306,83.2,NA,1480,26.3,448,260,468,1890,NA,770,106,6590,1880,NA,194,264,140,172,1040,166,166,109,NA,968,77.8,285,42.1,724,110,424,19.9,527,85.9,4.69,22.1,9.86,14.2
"165_019_18","23_152",NA,NA,84.8,NA,19,41.6,NA,85.4,NA,13.7,6.59,2.98,965,4.95,580,NA,NA,20.3,NA,8410,NA,1640,70.5,2650,342,1120,101,NA,3700,219,7.82,480,1140,1440,1060,144,4100,851,6650,8670,2610,1860,189,519,125,1360,6090,915,2460,59300,NA,30,1860,49700,303,799,679,321,NA,NA,2840,13.6,38.6,223,NA,114,144,1840,5.6,1090,64.8,245,NA,299,383,87.5,53.3,21.3,NA,1430,180,248,33.3,295,NA,1040,398,45.1,1930,NA,2180,207,285,166,217,489,355,144,29.9,89,641,272,79.6,204,16.9,368,222,37.1,20.6,573,101,2.43,18.1,8.7
"165_019_19","23_206",1570,258,NA,NA,NA,393,655,NA,62.2,NA,163,NA,NA,NA,1760,NA,NA,171,2880,4230,NA,3510,98.6,2240,890,694,28.6,NA,9550,286,NA,1030,1690,2640,544,207,7900,2070,16300,18200,4300,2730,151,2770,576,1570,8330,4300,4220,94500,NA,164,3170,72200,689,2290,1040,519,48.4,NA,2470,39.8,172,752,NA,931,923,43.5,NA,997,201,254,307,NA,587,35.6,262,33.1,1860,157,335,161,208,222,1370,86.5,652,NA,4330,2140,193,144,176,364,733,381,167,63.5,93.3,744,269,818,265,1080,184,322,56.7,NA,234,1.28,15.6,35.6,5.97,9.16
"165_019_21","23_239",2110,326,NA,66.5,26.6,192,284,NA,15.4,NA,NA,NA,NA,NA,NA,344,NA,115,NA,4620,NA,1440,303,1630,451,1220,13.3,NA,3650,195,NA,942,2080,16400,237,259,3890,13300,25100,26100,15600,11100,1450,1180,1360,NA,12700,1680,6740,124000,NA,212,5580,1e+05,1000,1040,1450,645,0.147,29,4920,1430,615,864,NA,470,1090,125,NA,643,262,134,187,NA,684,178,360,23.8,1970,59.7,247,174,551,NA,1720,824,NA,NA,2260,NA,247,100,94.1,364,739,396,329,491,NA,407,284,287,152,1130,270,302,66.4,NA,643,NA,19,21,11.5,11.4
"165_019_22","23_245",NA,NA,155,24.2,0.768,366,459,NA,54,NA,25.4,NA,4420,NA,NA,NA,NA,23.5,NA,7510,4.89,1950,108,2580,448,1250,19.9,0.357,5120,308,NA,432,1450,4590,767,NA,4580,4790,6630,6670,9530,6580,523,1850,339,3.72,5420,1340,3370,68600,NA,53.4,2230,52000,822,1280,1060,253,NA,56.7,2940,14.3,NA,951,NA,1250,1140,NA,43.6,734,105,119,337,NA,360,117,122,6.93,1630,NA,NA,499,389,271,2100,531,1420,NA,2160,2060,155,135,129,325,NA,948,221,175,266,NA,467,255,310,34.1,743,302,48.9,18.2,511,119,6.28,16.6,14.6,9.92
"165_019_23","23_153",3260,484,NA,NA,NA,63.7,614,NA,NA,NA,53.8,NA,1760,183,833,93,NA,64.1,NA,7120,NA,3240,121,2500,635,2470,41.8,NA,3550,531,NA,731,1780,10200,969,NA,6930,3470,18300,19900,11200,7480,995,1660,228,550,10800,3880,5990,102000,650,67.5,2790,80800,1010,1950,1260,339,48.9,NA,5350,33.3,116,759,NA,899,4260,34.6,NA,1140,423,171,245,33.5,270,99.5,262,37.4,2740,160,374,417,330,NA,2010,145,466,NA,6690,2620,117,255,373,364,834,632,176,35.9,76.6,645,92.5,362,307,729,143,462,21.8,NA,706,2,18.7,44,8.26,10.5
"165_019_27","23_161",NA,NA,268,NA,145,37.4,55.5,138,1.31,2.76,20.2,10.9,NA,10.3,0.642,205,13.1,145,220,4590,NA,1870,101,1510,406,2570,29.5,NA,998,164,NA,517,967,2590,799,315,4250,1420,16500,18400,2710,1970,271,479,362,834,4520,1230,3100,57700,NA,195,2150,44500,318,801,586,260,NA,23,1730,21.8,109,168,180,234,995,43.7,NA,808,109,151,172,NA,129,48.2,109,6.63,1420,NA,15.2,356,191,NA,1170,52.1,276,NA,6440,1370,NA,236,310,65,109,475,149,73.2,76.7,NA,892,166,287,51.8,593,146,362,17,591,116,4.12,17.1,21.4,17.3
"165_025_08","22_298",1380,176,32.8,NA,2.83,1120,NA,152,350,NA,66,NA,8570,NA,5280,NA,NA,NA,NA,73100,NA,5130,1240,14200,1170,7230,1140,NA,17600,667,NA,2100,2920,1880,2260,489,3860,6190,27200,32500,4030,2200,6470,3730,1110,1940,14400,3310,6760,139000,NA,231,6220,124000,487,3670,1390,268,235,NA,4660,24.3,NA,1080,NA,1840,1140,28,NA,637,254,297,1260,NA,1020,306,1100,NA,1780,2.47,405,685,1230,4110,2640,NA,NA,NA,1590,NA,27.4,432,NA,706,1050,137,NA,518,462,NA,198,327,82.2,930,NA,544,4.64,1390,172,2.57,14.2,14.3,7.94,9.53
"165_025_12","22_294",10.6,7.5,6.54,11.8,67.5,122,44.8,4.91,9.64,62.5,NA,93,27.7,19.7,128,NA,1200,NA,NA,15600,NA,395,81.1,4050,NA,1760,472,NA,9400,193,NA,665,2090,5770,805,436,7120,7030,22600,28300,15900,9530,395,7660,2360,4570,22200,2700,14300,250000,NA,417,10900,2e+05,1730,2220,3800,1080,73.2,NA,7700,0.305,NA,1730,5710,1570,4410,73.1,1910,617,360,314,NA,1830,237,193,69.6,1640,224,279,63.1,254,NA,1160,NA,NA,2580,1240,NA,154,126,154,252,617,149,238,278,260,178,264,33.1,NA,979,493,NA,901,174,0.709,10.6,42.8,5.49,8.93,NA,NA
"165_025B_34","22_266",1730,247,96.8,NA,NA,486,563,NA,250,NA,78.4,NA,7780,NA,4140,NA,NA,NA,NA,23300,NA,2950,539,3580,NA,2710,463,NA,6560,1520,NA,1190,2110,4560,1790,222,4820,2000,12600,15300,7180,4930,453,1750,192,602,8190,1660,4680,79900,195,NA,2570,68800,1040,1910,1720,241,9.26,NA,4540,0.343,NA,1990,NA,4440,2460,20.8,NA,1140,138,256,211,NA,304,211,227,26.8,2070,83.2,360,102,179,106,1620,144,572,3320,2270,3560,213,337,227,436,767,694,336,50.6,86.9,580,81.4,111,317,530,122,304,41.7,NA,1030,0.532,17.4,21,9.16,17
"165_16C_53",NA,2600,404,178,NA,NA,14.8,NA,364,276,NA,314,NA,NA,29.3,839,NA,38.1,102,NA,47000,NA,1510,1070,7310,508,5830,580,NA,35800,615,NA,1850,3390,33400,788,NA,13700,21700,41700,44200,29200,19500,2980,5940,2920,NA,38300,NA,12700,194000,NA,347,9020,161000,4010,2550,3790,1250,NA,148,4970,NA,781,2390,NA,4250,2120,93.1,NA,1980,1240,478,639,NA,1400,206,186,NA,3450,7.25,1010,845,856,2500,1470,NA,NA,3570,1840,NA,52.7,189,20.1,657,874,572,216,350,478,NA,686,381,1450,373,734,NA,NA,1080,203,4.99,34.1,8.95,13.8,NA
"165_16C_66",NA,1390,161,NA,NA,NA,NA,NA,NA,222,23.4,NA,7240,5240,1540,2800,349,NA,0.022,1010,9020,NA,4800,125,2650,1870,564,230,NA,9560,514,NA,1260,2000,11500,178,289,4370,6920,17000,17600,20600,14700,1800,4180,1740,1.42,14900,3420,9540,154000,NA,69.5,6230,119000,1910,1680,2650,609,4.41,NA,4010,NA,194,2070,NA,3670,1550,NA,NA,1430,411,226,387,NA,834,341,268,NA,2470,NA,955,164,338,1260,365,971,NA,2930,1540,NA,67.8,183,91,146,595,157,82.1,255,310,NA,284,144,28.2,452,155,31.5,2.93,170,38.8,4.28,10.1,3.7,5.84,7.56
"165_25B_30_redo",NA,1140,175,33,20.1,NA,60.5,63.6,228,174,NA,330,NA,NA,NA,NA,NA,842,32.2,NA,47900,NA,1240,11.5,7740,NA,4810,460,NA,18600,168,NA,925,1310,1900,888,85.6,4060,5980,17700,21300,9530,3130,1140,3530,2260,1940,10100,9250,8390,147000,NA,31.3,6840,113000,763,1450,2200,915,NA,NA,5360,NA,244,959,NA,3180,1720,115,NA,728,647,515,563,NA,1110,170,526,43.9,1490,145,246,314,304,NA,1290,NA,NA,NA,1650,NA,271,264,NA,516,806,153,NA,395,536,NA,133,220,44.9,166,NA,153,3.06,465,99.4,3,10.8,40.1,NA,NA
"165_25B_46","22_325",993,146,14.3,13.9,NA,78.4,NA,88.7,29.2,NA,108,NA,1360,NA,1150,206,NA,63.3,90.4,89800,NA,5330,NA,9390,1210,7530,1280,NA,20900,682,NA,1900,2780,17100,1370,NA,5150,12000,24800,50900,26500,12200,1550,3000,910,26500,8470,16100,17300,192000,NA,85.3,7440,157000,2470,1550,3100,795,NA,NA,6950,8.73,99.8,1050,NA,4240,3880,26.1,NA,1450,660,551,385,NA,951,103,260,NA,1760,NA,406,135,126,796,486,NA,1700,1030,1420,242,282,89.1,129,76.2,2200,98.4,668,130,161,NA,273,NA,621,352,500,NA,NA,767,1.58,3.89,35.6,9.91,12.5,NA
"165_25B_47","22_326",2120,391,93.9,NA,93,68.2,67.3,3.35,6.64,NA,228,NA,NA,NA,NA,NA,NA,162,NA,17600,NA,762,200,3300,NA,1800,120,NA,22500,224,NA,795,1910,2930,471,510,10100,7290,10400,12200,11600,6260,1130,5000,1310,3080,19000,NA,9420,185000,NA,216,6940,148000,1440,2530,2030,930,27.1,NA,6550,60.8,NA,1400,NA,4240,3060,65.5,1780,NA,457,495,261,983,NA,358,15.2,NA,2060,NA,390,448,NA,NA,536,1200,3190,NA,2380,NA,149,282,372,698,478,304,59.5,445,629,702,645,NA,1250,NA,360,38.5,457,115,6.69,20.6,28.9,9.2,13.1,NA
"165_26_3",NA,1370,224,NA,41.4,NA,1830,NA,21.5,134,NA,94,NA,28400,NA,12500,NA,332,30,1780,68900,NA,8000,1470,15000,1500,10200,2310,NA,24800,2110,NA,2760,2130,4770,3970,761,5170,8270,9400,11500,13200,8060,2010,2050,1290,NA,16400,NA,6100,104000,NA,103,4470,83700,2270,878,1040,328,164,NA,3070,NA,353,1210,NA,2060,1170,NA,NA,650,361,146,649,NA,902,119,822,NA,1810,NA,425,252,NA,NA,3440,NA,NA,NA,NA,1400,95,206,38.5,711,1410,NA,NA,372,310,293,111,NA,301,20.8,474,295,35.3,NA,603,5.47,3.8,31.5,13.8,10.9
"165_26_31","22_040",1010,146,NA,39.7,NA,18.2,50.2,127,21.1,NA,35.1,NA,402,NA,NA,NA,NA,240,433,37400,NA,685,133,3030,NA,3340,611,NA,8060,1330,NA,658,2400,31400,484,322,3300,7250,29000,40400,20600,14600,4160,2290,842,17200,15100,5680,11300,111000,NA,94.4,4140,93700,3890,787,1860,361,73.9,NA,3090,NA,254,916,NA,1750,1710,72,NA,795,533,218,545,NA,557,40.2,279,NA,2110,NA,262,144,116,872,268,NA,1130,2200,2120,NA,115,228,107,260,546,282,163,129,482,NA,108,407,35.9,526,NA,261,18.3,658,132,3.35,16,26.9,6.73,18.2
"165_26_35","22_074",1670,214,54.3,NA,NA,702,77,NA,225,55.6,NA,NA,16500,NA,7010,NA,NA,NA,3070,58200,NA,7770,505,15300,NA,8400,1050,NA,23400,1010,NA,2260,3660,47400,3150,NA,7490,12000,52700,61000,36300,25600,8350,3180,2030,NA,28800,8970,17800,222000,NA,63.9,8450,179000,5190,981,3530,1010,NA,NA,5960,10.7,482,1630,NA,2500,3520,32.6,1570,148,1160,936,1520,1170,NA,458,NA,NA,3400,104,487,384,437,2110,1060,NA,2810,1660,2190,93.7,189,151,384,634,521,221,129,157,491,88.5,286,NA,1050,NA,517,12.2,1190,236,8.38,7.39,54.4,13.2,15.1,NA
"165_26_40","22_069",1130,129,NA,15.6,NA,207,346,NA,34.2,50.4,NA,NA,4890,NA,2240,NA,NA,NA,NA,11600,NA,2590,249,3950,NA,2380,101,NA,8460,547,NA,849,2020,1430,1680,172,4900,5450,7740,9160,5020,3460,378,2180,384,2120,9220,1710,5450,124000,52,NA,3820,113000,889,2070,2250,480,9.85,NA,8380,41.5,NA,2030,NA,4180,5020,6.98,NA,779,305,114,539,NA,868,211,332,84.6,2350,435,486,130,198,447,1420,197,556,836,3270,NA,311,431,339,502,1650,NA,268,200,NA,624,46.7,116,233,594,112,329,14.3,NA,1060,2.62,13.2,16,13.7,19.3
"165_26_41","22_053",1670,280,20.9,100,NA,317,457,NA,119,7.25,44.4,NA,8240,NA,3500,NA,NA,NA,2180,21000,NA,4260,336,4350,1050,3040,494,NA,7840,1980,NA,1070,2090,2320,1700,157,3480,4330,5790,6530,9470,6830,721,1060,264,840,14100,1260,4500,104000,156,48.3,3130,101000,1350,1380,1850,439,8.34,NA,3470,1420,104,2990,NA,7090,2840,23.7,NA,995,512,267,373,76.2,317,344,84.6,15.1,1930,NA,608,99.3,103,467,1050,411,1170,1450,954,2340,89,223,111,339,559,503,252,206,183,444,150,132,246,362,78.7,469,35.7,NA,732,3.97,3.58,29.7,6.65,13.5
"165_26_55","22_045",1560,362,NA,28.6,23.3,258,NA,79.2,59.7,NA,50.1,21.1,708,29.3,NA,NA,NA,290,683,31700,NA,4820,326,9030,1480,5310,726,40.2,12400,809,NA,1150,2250,4010,1540,504,5730,14200,22600,29500,9070,4780,2500,1950,1950,2960,13900,2870,10900,159000,NA,78.9,8270,127000,1390,1030,1350,1420,NA,NA,3660,166,210,1300,NA,2780,1500,115,NA,1040,782,679,966,NA,1350,249,791,NA,2200,NA,264,448,NA,2440,1900,NA,NA,NA,1730,NA,124,109,137,416,982,437,NA,329,484,NA,373,263,22.9,1060,NA,352,0.765,763,152,4.01,23.1,4.75,8.52,11
"165_26_6",NA,1850,299,NA,NA,NA,NA,NA,NA,NA,NA,32.6,6790,5480,1400,3010,130,NA,20.2,NA,17900,NA,5260,265,5240,1240,2600,72.2,NA,14200,425,NA,1100,2540,19600,1110,NA,11100,17800,24700,26800,24600,16200,1860,1770,1320,1530,13000,NA,9420,156000,NA,60.1,6660,122000,2220,1380,1890,847,NA,15.5,5810,NA,502,1220,NA,4490,2990,NA,NA,1520,670,455,270,102,643,87.7,180,NA,1580,46.6,243,341,431,1290,417,736,NA,2540,1970,NA,82.2,175,96,296,670,NA,128,228,386,NA,449,225,818,220,358,27.9,NA,678,2.14,4.22,27.9,12.8,7.44,12.6
"165_26_72","22_050",1110,150,NA,17.8,6.84,17.3,54.7,NA,NA,NA,25.3,19.5,241,14.1,218,292,6.02,48,NA,22600,NA,468,46.6,1450,NA,2240,271,NA,6050,789,NA,592,2390,19400,625,405,5710,9260,30500,49600,18400,10400,2090,1620,490,9380,16600,6670,12300,119000,NA,60.9,4580,99600,2350,1120,1550,626,NA,NA,3440,2.25,165,883,NA,1880,2220,24.5,NA,1240,513,396,497,67.9,599,66.3,218,NA,2060,NA,267,110,112,400,1010,NA,1010,3900,1850,NA,150,139,125,152,532,163,95.9,83.3,374,114,320,576,272,1420,264,398,26.5,0.563,506,5.75,15.6,15.5,9.21,10.3
"165_26_9",NA,1660,250,NA,88.9,NA,340,447,NA,110,NA,31.6,NA,NA,NA,NA,NA,NA,NA,1400,20900,NA,3490,280,4510,1040,2100,186,NA,11700,336,NA,1300,2050,6220,853,118,5160,12100,12300,13400,9550,6260,3290,433,531,153,14100,2180,5820,97400,NA,78.1,3810,71800,1020,572,1090,497,3.17,29.6,4080,NA,331,776,NA,1520,1650,90.8,NA,886,223,232,265,NA,439,94.8,214,NA,1290,NA,290,132,293,601,1200,NA,832,1520,1610,NA,91.7,115,89.1,253,600,412,147,258,NA,336,145,114,165,327,236,271,25.4,547,118,6,22.4,10.9,11.5,18.2
"165_26_93","22_111",1940,358,NA,249,27.2,NA,481,NA,25.6,NA,NA,NA,151,1.57,216,NA,28.8,173,NA,3130,NA,3110,189,2450,790,1160,55.4,NA,2790,355,NA,859,2200,24500,914,NA,4960,12300,17100,19300,32400,22400,2860,2070,1870,5600,13300,NA,9550,139000,NA,47.4,5640,106000,1760,893,1710,844,12.6,4.41,5830,1030,919,1220,NA,2420,2160,NA,NA,886,382,482,311,200,568,53.7,221,NA,2060,NA,298,417,383,965,NA,1070,NA,3550,3180,NA,495,381,51.2,220,754,305,305,437,645,301,1350,414,37.9,1630,NA,583,28.5,620,138,4.05,36.8,5.64,10.3,13.5
"165_26_95","22_136",907,115,6.59,16.6,5.7,86.1,126,NA,11.2,2.91,77,NA,NA,4.6,258,261,32,134,164,22100,NA,285,131,4150,NA,2050,812,2.62,8730,736,NA,354,1010,1190,837,148,2420,6330,7820,10800,5680,2430,1130,1950,1170,2490,6130,8940,5490,92900,NA,0.0989,4900,74700,828,766,756,660,265,NA,1710,36.5,140,781,NA,1900,494,78,NA,394,566,619,147,NA,668,121,373,NA,1350,168,170,30.8,175,NA,NA,NA,NA,NA,NA,1370,163,67.1,21.9,321,680,422,451,355,126,292,207,13.8,275,235,275,153,72,1.09,427,2.55,26.2,11.9,14.1,15.9
"165_26B_15","22_034",890,NA,7.07,1.56,74.6,157,13.8,9.24,9.16,13.2,NA,797,413,74.2,335,NA,418,NA,NA,7010,NA,3550,NA,2400,1040,998,135,0.308,5580,338,NA,720,1640,5270,381,306,4990,9840,20800,26700,11300,7350,545,2900,1120,2140,19500,3730,12100,198000,NA,NA,7820,165000,1340,1590,4860,341,31.8,NA,6410,8.33,NA,3800,12800,NA,3180,NA,2530,206,433,315,278,1280,170,132,23,2130,NA,49.5,279,281,319,2100,NA,NA,1450,759,1780,115,106,125,334,614,261,138,101,501,NA,957,192,NA,2010,NA,435,40,531,210,7.53,6.48,32.3,8.22,7.52,NA
"165_26B_168_redo",NA,1820,271,91.1,NA,NA,486,20.2,44.2,190,16.4,36.2,NA,7850,NA,4610,NA,NA,NA,1160,38300,NA,5460,321,6670,1660,4260,551,NA,10500,940,NA,1910,2190,6160,1600,132,4040,9290,13200,15700,19000,12600,4600,922,2120,NA,13700,6220,9670,164000,NA,89.3,7390,127000,1910,1050,1820,797,33.2,NA,3600,NA,357,1110,NA,3320,1120,51.1,NA,1140,694,914,308,NA,961,188,538,NA,2120,NA,183,230,NA,1260,840,NA,NA,2510,1510,NA,119,223,365,NA,689,372,308,331,208,272,30.7,197,200,250,216,49.5,1.57,469,2.85,2.12,16.6,8.47,12,NA
"165_26B_21",NA,1530,174,38.2,NA,11.9,117,NA,199,98.6,NA,107,NA,1200,NA,NA,NA,NA,435,1240,59700,NA,5840,520,10000,1220,7170,977,42.3,15300,1200,NA,1250,3830,36700,1120,NA,6510,24500,48300,57800,23300,16600,2380,1510,1470,2810,22100,3370,13200,198000,NA,118,9630,169000,2380,1330,4340,845,107,9.17,5240,2.58,93.6,5220,13600,NA,2340,20.4,880,943,1010,599,699,NA,952,310,488,NA,2310,NA,468,381,NA,1930,NA,NA,3130,NA,1110,52.9,84.9,36.8,406,NA,753,367,250,199,416,59.1,266,NA,2000,309,635,15.9,NA,987,3.35,3.38,24.3,12.7,14.4,NA
"165_26B_233",NA,1180,134,5.06,NA,3.37,NA,NA,NA,24.1,5.92,2.59,4.72,575,NA,113,292,NA,25.4,142,9690,NA,3070,69.8,3950,842,2140,57.6,2.37,4740,144,NA,830,2260,4560,1270,52.4,6480,5240,26200,32300,6390,3650,2.25,3000,740,2450,11200,4830,7200,164000,NA,20.9,5980,142000,852,3550,3140,237,189,NA,9280,8.79,NA,3370,NA,4170,4990,25.6,NA,1030,481,292,206,NA,1140,51.2,140,NA,1860,91.4,503,198,297,949,612,NA,NA,NA,2110,NA,598,737,101,234,567,244,207,337,497,342,133,292,13.8,674,NA,506,NA,1470,261,3.16,16.8,5.65,12.9,8.21
"165_26B_235","23_234",NA,NA,181,43.8,NA,249,391,NA,44.5,NA,111,NA,4420,NA,1050,NA,49.7,310,NA,11800,NA,3000,80,3650,632,1150,176,NA,7350,378,NA,810,1380,4750,523,135,4140,3570,12500,13500,6850,4140,711,1610,548,552,5580,1400,4150,77700,NA,38.7,2930,58800,828,1210,1360,262,85.6,NA,2380,60.1,67.6,1500,NA,2850,742,6.5,70.8,979,289,308,473,NA,739,NA,354,15.5,1800,NA,379,112,629,NA,1960,724,1610,NA,4610,2160,247,134,166,350,1590,422,177,156,70.9,500,261,222,399,46.2,853,367,81.7,3.09,389,1.34,4.18,23.5,3.02,11.3
"165_26B_237","23_158",1180,169,26.7,12.8,20.2,77.4,71.7,NA,39.8,14.7,NA,109,39,NA,235,3.06,NA,29.8,NA,19000,NA,425,NA,3740,NA,1870,473,NA,9790,2140,NA,214,1760,3440,767,73.3,5140,6460,18700,25000,7860,5380,369,3180,792,1940,17100,4230,10600,2e+05,361,NA,7300,176000,1610,2690,3910,550,9.13,NA,7620,NA,NA,4470,9780,NA,4200,8.26,1120,96.8,668,191,669,839,368,NA,322,NA,3990,78,791,403,418,1420,615,1470,1720,785,2850,200,314,94,378,849,428,233,193,155,449,34.7,294,NA,1020,195,449,NA,1510,230,6.99,18.4,59.3,17.3,23.3,NA
"165_26B_45","22_067",4050,NA,243,NA,NA,148,241,110,39,NA,292,NA,NA,NA,NA,467,NA,467,2120,40700,NA,1320,267,5740,NA,6390,781,NA,15000,658,NA,903,1870,2010,1660,618,7450,5800,5420,5610,6190,4070,805,857,449,471,9540,3910,3340,70300,NA,4.24,2420,58800,1140,962,915,536,NA,NA,2970,126,118,751,NA,1150,1380,42.6,NA,508,180,146,NA,633,405,135,253,NA,1570,NA,NA,334,251,281,1250,320,914,NA,2530,2120,44.5,178,136,320,NA,565,183,119,132,501,144,209,310,21.4,987,238,52.4,30.4,433,84.4,3.24,20.6,34.9,9.09
"165_26B_48","22_065",1610,NA,26.9,4.12,591,662,NA,NA,92.3,38.3,NA,4930,NA,NA,2050,199,NA,264,836,20100,NA,4480,291,5570,1320,4490,333,NA,8430,894,NA,987,2270,10800,1330,214,5410,20700,24200,28800,22000,14400,10600,828,2910,772,18300,6140,11300,211000,NA,43.8,10400,174000,2070,1110,1920,1140,210,NA,6940,NA,284,1090,NA,3550,3760,92.4,1580,320,856,855,469,1050,NA,647,NA,NA,2540,NA,433,292,407,1610,862,NA,NA,NA,3150,261,158,58.7,443,1050,432,244,NA,444,186,391,237,39.2,1080,NA,412,NA,885,183,1.79,14.2,30.7,14.8,NA,NA
"165_26B_50",NA,1800,251,15.8,NA,NA,1640,NA,NA,50.6,NA,51.1,9810,7570,1590,3470,NA,NA,NA,NA,23400,NA,4620,289,5100,924,2820,182,NA,12900,767,NA,863,2460,12200,1910,870,8900,11600,19900,22900,13100,8160,1180,2130,451,214,16000,5510,7080,111000,NA,12.7,3620,89700,1630,1070,1250,605,7.45,NA,3310,126,206,1060,NA,2270,2320,73.1,NA,1230,493,309,434,116,550,40.9,175,2.59,1750,NA,353,396,704,772,1250,666,747,3730,2180,NA,243,164,112,333,1330,NA,260,172,448,NA,248,507,35,1050,NA,335,43,521,141,2.25,21.4,33.1,16.7,10.1
"165_26B_76","22_088",1280,179,31.5,42.6,NA,141,NA,NA,20.2,NA,14.2,NA,609,NA,NA,253,NA,18.7,NA,4780,NA,3610,21.3,2380,905,923,101,3.04,3780,1070,NA,482,2140,13100,735,214,3030,9380,18000,21200,18200,12600,3110,868,709,NA,16900,4110,6730,127000,NA,32.9,4050,110000,2680,1290,NA,315,NA,NA,5400,7.99,150,915,NA,1640,4080,56.7,NA,1750,633,294,383,NA,488,58.2,130,NA,2240,36.8,256,125,141,922,156,235,482,2470,1990,NA,188,207,125,285,577,126,124,96.1,500,NA,166,265,29.8,688,NA,419,NA,818,175,4.63,18.7,35.5,15.7,12.5
"165_26B_80","22_124",1600,176,27.8,NA,NA,189,NA,57.7,76.7,16.3,0.23,674,466,NA,900,460,NA,44.1,285,8990,NA,2820,163,2800,1400,2220,117,NA,7300,277,NA,945,1710,12600,192,362,5520,10700,25600,28200,17000,11100,981,3370,3490,785,15200,4440,11800,185000,NA,27.8,8430,140000,1270,1350,3550,688,NA,NA,7450,3.76,131,1990,10400,NA,2270,0.162,740,146,1010,634,390,780,NA,697,30.1,NA,2430,NA,909,NA,NA,NA,NA,NA,NA,NA,3680,NA,97.6,34,767,NA,1320,820,NA,625,448,431,554,74.9,1170,386,411,45.2,910,160,NA,7.46,18.6,13.8,9.02,11
"165_26B_81","22_112",918,NA,7.23,NA,NA,176,90.7,NA,49.9,11.7,NA,108,40.3,NA,NA,0.0503,NA,93.5,181,15700,NA,299,62.1,1750,NA,2500,361,NA,5920,720,NA,675,3340,31700,933,426,4270,9590,49400,63200,24900,16600,3170,3750,748,6140,16900,9410,15600,212000,NA,105,6910,182000,3330,1650,3010,714,NA,NA,6920,0.168,243,1660,3400,NA,5550,38.6,1450,NA,903,275,754,988,NA,167,18.9,NA,2680,66.3,494,161,120,1020,338,753,1380,695,1910,114,171,108,224,483,360,169,114,128,315,32.8,265,21.1,650,201,415,61,1220,239,3.45,24.3,19.3,24.5,12.4,NA
"165_26B_83","22_113",837,105,8.74,16.1,NA,1280,NA,31.7,NA,250,NA,NA,9890,NA,3520,NA,NA,NA,1190,11100,NA,3970,384,4420,1180,1920,96.9,3.1,4900,725,NA,825,2240,5840,1620,380,3110,4550,12300,15300,11200,7510,2850,752,811,604,10100,4070,8640,142000,NA,22.8,5970,115000,1220,792,1860,489,3.96,NA,4930,4.51,145,578,NA,2910,2550,56.7,NA,969,555,653,326,367,624,234,264,NA,1460,280,352,163,NA,567,472,NA,NA,1630,963,NA,217,145,129,202,420,131,160,173,192,99.6,152,172,38.7,474,NA,362,NA,703,114,1.72,26,12.7,4.63,15.3
"165_26B_86","22_119",880,93.9,2.26,24.1,1.37,321,302,NA,55.5,NA,55.6,0.397,6710,0.263,2500,NA,76.7,11.3,664,14500,NA,3050,347,3410,705,2210,278,4.5,5160,1370,NA,913,1800,11400,1420,168,2450,5700,10600,13200,19200,13500,2030,852,595,1400,10200,3820,6300,113000,NA,54,4060,99200,2360,712,1550,175,12,NA,3870,10.8,198,707,NA,1350,2750,69,NA,1050,395,274,267,85.1,443,81.2,141,NA,1580,124,229,77.2,78.1,270,400,329,599,1680,NA,1310,135,208,22.5,203,539,299,141,160,147,222,50,83.8,262,302,86.7,324,NA,NA,655,4.05,18.7,9.43,8.67,8.87
"165_26B_99","22_055",2800,576,NA,88.1,NA,NA,NA,NA,18.3,NA,280,NA,NA,NA,NA,NA,NA,71.8,NA,32200,NA,4580,745,7650,1240,2560,218,NA,28200,268,NA,1230,2230,8460,915,520,14700,31600,11800,12100,17400,11500,2430,1750,629,3870,21400,NA,6530,108000,NA,109,4290,88400,903,1220,1230,765,2.99,NA,3270,1750,651,1950,NA,3340,1580,138,150,921,301,203,134,372,500,127,246,27.2,1820,NA,460,840,897,NA,3120,1420,NA,3950,2300,NA,133,217,121,372,592,NA,NA,181,467,132,498,166,26,711,NA,256,33,273,60.3,3.24,9,15.4,7.11,14.4
"165_26C_112",NA,753,83.1,6.09,15.1,1.6,177,NA,NA,NA,NA,NA,NA,5940,NA,1500,60,NA,NA,509,16600,NA,3380,200,4300,864,2530,469,NA,4810,1390,NA,939,1770,7920,1260,92.2,2290,5320,12500,14600,19000,13600,3630,629,888,NA,13500,2450,7560,140000,196,52.5,5200,117000,2360,1130,2100,277,19.2,NA,5230,0.0559,206,1440,NA,4650,3020,48.7,NA,1730,610,519,494,NA,536,NA,330,NA,2070,151,586,111,134,698,206,232,540,1890,1940,NA,156,206,157,259,528,147,152,174,344,130,146,317,18.3,978,NA,501,28.3,1600,287,7.43,26.9,42.6,16.2,18.5
"165_26C_114","22_179",NA,111,NA,10.3,NA,839,947,NA,155,NA,78.5,NA,16000,NA,3060,NA,165,NA,NA,21800,NA,4360,133,4990,1230,2600,601,NA,11700,367,NA,1480,1740,2720,1180,481,5790,6820,11100,13700,6110,2520,335,2060,574,1110,10100,5870,5230,84100,NA,124,3390,65800,850,760,1170,558,NA,NA,2140,21.1,72.4,896,NA,2580,1100,60.4,NA,735,461,283,239,90,540,148,219,NA,1020,NA,179,42.3,193,NA,941,699,NA,882,1250,845,NA,129,110,176,351,254,98.4,178,118,220,NA,66.2,402,20.6,888,300,35.6,1.53,407,NA,3.66,20.4,23.5,6.12
"165_26C_120","23_240",1160,166,6.38,6.77,NA,701,NA,NA,284,84.4,NA,6770,4550,1790,2400,NA,156,NA,NA,18700,NA,4470,42.1,6860,1240,2250,529,NA,13200,489,NA,1170,1560,3740,741,265,5540,5610,23300,27600,8740,4330,636,4110,1170,2180,11600,10300,8810,161000,NA,66.9,6210,133000,1120,1570,2270,788,NA,NA,4070,11.8,126,1320,NA,2310,1930,19.3,NA,1340,386,397,287,1250,NA,165,184,NA,1840,3.34,428,216,359,NA,839,NA,2420,1240,2390,65.7,117,126,416,NA,631,257,116,234,473,NA,721,NA,1930,310,346,106,NA,531,4.5,3.29,16.8,3.22,7.96,6.62
"165_26C_131",NA,NA,NA,NA,NA,NA,NA,NA,NA,113,NA,NA,7260,NA,1310,3760,444,NA,NA,NA,12700,NA,5640,2930,4590,1560,2810,840,374,6250,1180,NA,2050,3160,29000,1120,403,5830,11000,42100,38300,30100,21100,NA,2000,3430,536,13000,4360,16800,263000,NA,297,10700,174000,1390,841,3690,1450,NA,NA,7200,1430,845,3890,15600,NA,1970,NA,2090,847,1140,95.7,467,1020,NA,463,95.8,1500,45.4,854,58.4,1330,NA,2700,NA,NA,3430,1590,103,83.9,43.8,NA,378,718,459,NA,NA,297,212,105,94.6,555,239,283,8.28,606,121,3.95,9.93,11.6,10.4,NA,NA,NA
"165_26C_132",NA,1420,315,NA,NA,41.9,229,NA,NA,49.1,NA,59.1,NA,NA,NA,66.9,115,NA,266,771,19000,NA,500,282,6650,NA,3270,446,24.4,7420,1030,NA,862,2100,16500,1350,270,3140,13600,19100,28000,27300,19000,6240,1140,1950,8430,17300,6470,13700,185000,NA,117,8790,151000,2630,938,1750,1120,58.8,NA,3970,111,446,913,NA,2420,1210,63.9,NA,1040,832,1160,564,NA,853,119,529,NA,2380,229,367,190,141,1030,NA,NA,NA,3020,2070,NA,177,185,64,215,677,241,280,247,282,NA,341,215,22.4,569,311,55.7,0.767,758,159,5.01,26.2,26.1,10.7,16.2
"165_26C_160",NA,779,97.9,4.46,13.4,4.11,5.96,23.4,24.3,13.4,NA,31.1,28.4,15.8,18.9,40.1,NA,57.3,127,193,6850,NA,211,183,1360,34.8,1140,73.6,15.3,3790,118,0.706,428,1290,5040,276,215,3040,9500,15000,19200,9270,4480,579,1920,1450,546,5100,9030,7310,118000,NA,25.3,6750,102000,718,757,1180,581,NA,1.33,2390,29.8,96.7,452,NA,3000,683,23.6,NA,687,337,176,290,NA,694,83.6,135,34.6,867,NA,204,22.2,251,NA,1230,NA,NA,NA,561,NA,59.6,24.5,134,242,436,141,NA,402,NA,260,174,294,160,1480,243,298,21.6,831,131,5.79,19.3,13.5,16.6,13.7
"165_26D_123",NA,NA,NA,27.8,NA,NA,1420,54.2,NA,160,NA,NA,29400,NA,NA,7520,NA,NA,NA,3070,23300,409,9040,1200,8810,3280,2800,626,0.727,8580,2350,NA,1980,4610,11700,5070,2170,8660,11100,61400,75800,15700,10100,711,5320,2970,2810,23000,4730,17300,328000,NA,664,14700,268000,3000,2510,8200,1070,19.1,NA,12400,NA,1140,8480,26400,NA,9620,3.97,2340,1510,556,996,323,1570,426,297,148,3140,NA,1410,109,341,NA,755,686,710,1280,765,273,330,28.5,254,511,NA,210,178,103,474,216,163,51.8,276,60.1,1440,9.12,377,61.1,5.64,20.7,6.86,11.9,NA,NA,NA
"165_26D_126",NA,NA,NA,37.8,4.12,NA,1620,NA,NA,662,NA,3.03,NA,20800,NA,8540,NA,NA,27.1,2130,29900,25.1,6850,1170,9490,1970,5040,960,36.4,10900,1540,NA,2240,2990,22100,2590,415,3440,13100,33100,39700,27200,18200,2900,3890,2940,2120,15600,6490,16100,249000,NA,307,11600,198000,3350,2080,5350,740,NA,NA,7710,NA,272,6230,15200,NA,3320,71,1020,292,1310,842,569,901,NA,319,219,NA,2610,NA,419,301,NA,NA,NA,NA,NA,NA,1160,150,112,19.4,334,579,435,166,341,206,260,151,193,42.4,455,NA,247,0.593,351,95.8,6.03,7.76,28.4,14.1,4.34,NA
"165_26D_162","22_186",941,160,17,15.1,13.4,134,NA,2.9,4.78,0.899,34.8,17.5,NA,NA,243,NA,28.1,246,309,13700,NA,394,132,1970,NA,3780,137,NA,4960,741,NA,512,1920,8790,934,220,3280,12600,20000,26500,15600,10600,4200,1090,1350,727,17800,7070,13900,178000,NA,38.7,8680,144000,2270,938,2230,774,NA,NA,3680,10.3,NA,1080,NA,2350,1530,20.3,NA,1460,644,608,554,NA,945,158,440,NA,2410,NA,204,288,NA,1310,645,NA,NA,2970,1750,66.1,131,75.3,335,NA,533,211,188,259,424,244,287,NA,754,248,256,71.2,0.643,652,NA,4.04,25.4,9.48,19,22.3
"165_26D_164","22_177",800,105,10.9,14.5,1.71,411,NA,118,234,87.4,NA,NA,15500,NA,6960,NA,NA,NA,1880,53000,NA,4770,920,6590,1140,2840,1420,NA,10300,1120,NA,1670,2200,3500,2650,956,4090,5950,23400,30500,8750,3890,750,2400,432,1030,14100,7520,8780,163000,285,0.0501,5820,143000,1220,1350,2200,793,35.7,NA,5870,0.177,154,947,NA,3570,4200,35.8,NA,1200,684,292,575,NA,1010,191,210,NA,1760,NA,458,121,77,319,361,309,453,831,1280,NA,91.7,225,163,191,400,91,122,135,246,73.1,159,254,14.8,566,NA,450,16,1070,195,3.45,18.8,38.4,8.85,10.7
"165_26D_165",NA,1490,226,24.6,NA,NA,523,NA,44.8,73.3,NA,49.6,NA,2360,NA,1100,10,3.95,90.6,NA,31900,NA,7250,343,9150,2180,4260,1550,16.1,8280,1400,NA,2040,3930,16000,1030,152,2460,8010,29000,37200,22100,14000,3430,3870,2520,5930,12300,2790,12300,190000,NA,196,9440,155000,3620,1350,2060,855,NA,NA,4290,NA,1390,900,NA,4810,2410,105,792,97,802,307,727,895,NA,277,524,NA,2570,NA,327,187,NA,NA,NA,NA,NA,NA,1200,312,NA,509,122,283,210,295,307,196,299,88.8,267,131,145,50.8,1270,5.81,NA,282,9.23,3.85,21.6,3.49,9.27,NA
"165_26D_173","22_174",1130,145,31,NA,NA,821,NA,NA,609,NA,NA,NA,23200,NA,10800,NA,NA,NA,NA,49200,NA,6840,1180,8070,2000,4670,971,NA,13200,3110,NA,2320,2500,10800,4270,699,3880,8670,16100,22700,25600,16800,3180,1850,1150,9090,16800,7460,10600,181000,NA,80,6770,154000,3670,1300,2360,418,13.4,NA,7510,NA,419,827,1230,1590,4710,53.4,1070,62.9,661,244,510,863,NA,93.1,312,NA,2710,87.1,253,235,61.2,355,181,625,1330,1000,2470,396,470,116,232,NA,670,289,238,172,286,88.5,294,26.8,339,107,316,36.5,691,160,4.54,16,37,8.29,20.6,NA
"165_26D_175",NA,1570,275,NA,NA,NA,NA,NA,NA,NA,NA,11.3,7740,6790,2270,3300,NA,NA,941,240,4240,NA,7220,25.7,4570,1810,1780,92.6,NA,2760,1490,NA,1310,1450,9910,1620,423,2320,7150,11600,13100,23300,15900,3290,1950,1620,NA,15300,NA,8880,141000,NA,127,5550,111000,2760,1340,1550,574,51.4,NA,3070,NA,358,1050,NA,2380,1250,15.6,NA,1080,695,809,986,NA,627,158,369,NA,2180,NA,220,284,NA,1680,462,NA,1240,2580,2270,NA,75.9,207,120,331,554,294,NA,238,467,146,940,274,NA,1420,NA,285,NA,346,106,1.65,21.1,19.3,20.8,10.7
"165_26D_186","22_183",2320,345,NA,23.6,NA,NA,NA,NA,8.09,NA,129,213,10,NA,24.1,NA,1600,NA,NA,8190,NA,384,57.7,850,NA,1310,NA,NA,10800,232,30.7,582,1600,2710,749,242,8290,19900,16900,17600,9940,4920,3060,3080,914,3590,21800,6130,6790,142000,NA,85,4650,105000,816,1500,2420,610,5.27,NA,12600,258,199,1220,2110,604,5830,NA,NA,1780,501,261,90.4,NA,858,32.6,271,NA,1960,90.3,715,259,944,1890,501,927,NA,2300,3390,NA,239,306,152,376,903,217,139,188,627,NA,664,307,NA,1660,572,40.5,0.551,787,221,6.6,39.7,10.7,12.8,10.2
"165_26D_206","22_198",1160,142,20.5,6.33,10.1,442,NA,NA,124,71.8,NA,NA,12500,NA,3860,62.9,NA,NA,1090,9940,NA,4680,431,5550,1180,2140,85.5,1.13,5780,816,NA,1140,2230,3600,2650,311,5650,5930,19600,24600,5760,3630,1190,1890,1470,1490,11600,2680,9090,161000,NA,131,7660,130000,1190,976,3620,825,NA,NA,4670,34.9,20,2710,9380,NA,1850,4.76,462,976,592,413,411,NA,643,254,165,NA,2020,NA,352,155,178,1140,697,NA,NA,2430,2150,NA,385,277,382,NA,602,273,271,204,585,NA,152,310,14.4,475,273,45.5,NA,563,120,5.65,25,5.5,20.2,NA
"165_26D_224","23_005",1850,333,NA,NA,NA,NA,NA,NA,NA,NA,NA,13400,11700,2200,4620,370,NA,NA,NA,12800,0.0196,8930,402,6650,2260,2490,22.3,NA,8310,634,NA,1430,1940,2630,2430,NA,7300,16100,10500,10800,11200,6300,1310,2780,1480,3650,24300,NA,10500,197000,NA,156,7350,151000,1060,2020,1720,1220,15.4,37.4,6350,NA,530,1720,NA,2760,2720,127,1630,NA,516,693,633,NA,893,61.5,306,NA,2260,NA,762,653,NA,2010,NA,715,1770,3150,3000,46.6,315,408,504,792,584,346,48.9,260,906,504,917,NA,1120,219,259,44.9,197,66.6,3.86,9.23,24,12,10.2,NA
"165_26E_138",NA,937,102,32.3,NA,NA,834,NA,NA,193,88.6,NA,NA,16700,1870,2490,111,NA,NA,NA,6240,NA,4190,77.6,3340,1020,1440,68,NA,4450,522,NA,546,2020,16200,1980,276,3880,10300,28000,33400,17500,11300,1210,2090,812,330,15800,7130,9110,164000,NA,23.9,5170,134000,1850,1320,1930,571,NA,NA,5200,0.255,138,778,NA,1710,4520,NA,NA,1460,560,350,444,NA,590,60.8,142,NA,1940,NA,343,115,51.6,934,NA,342,NA,2730,1850,NA,214,298,118,179,484,127,36.5,83.6,422,NA,255,275,31,921,NA,524,NA,1020,235,4.18,33.4,6.39,9.41,7.56
"165_26E_157",NA,1050,138,8.83,19.1,0.915,702,608,NA,111,NA,81.6,NA,7410,NA,3320,NA,NA,NA,NA,18900,NA,2910,309,3150,657,2790,166,NA,9280,1030,NA,1080,1860,4650,1010,6.62,5950,8330,16900,19700,7070,4880,671,2180,444,696,11800,3430,5310,110000,171,NA,3920,97100,1090,1980,2430,366,NA,7.23,5510,6.96,41.1,3030,NA,5070,2360,9,NA,890,451,166,589,NA,554,219,161,25.8,2120,NA,712,111,829,498,2370,NA,NA,1880,995,2070,44.5,145,78.1,471,686,571,276,139,191,377,89,156,196,1040,192,277,68.4,NA,865,5.38,19.7,31.3,10,13
"165_26E_167","22_188",1310,169,26.9,NA,NA,1170,NA,NA,326,96.3,NA,11600,8430,NA,NA,119,NA,NA,NA,10900,NA,6180,117,4700,1550,1540,151,NA,9150,1170,NA,1330,2330,16400,1400,544,4940,13600,23400,27900,28100,19400,6570,1370,1620,NA,17300,7040,11300,189000,NA,30.3,7140,152000,3340,1440,2570,523,NA,NA,6670,NA,331,1090,NA,2280,4070,89.6,1880,58.1,740,312,553,1120,NA,130,331,NA,2560,83.4,200,349,217,1290,248,1190,2390,1410,2220,NA,156,140,353,662,412,142,57.1,186,471,440,577,NA,1140,241,393,48.5,461,144,3.95,13.2,23.1,12.7,12.6,NA
"165_26E_179","22_180",NA,NA,129,5.67,122,205,195,32.2,48.1,NA,119,NA,NA,NA,188,9.12,NA,101,NA,18400,NA,855,134,2270,NA,2670,343,NA,9310,1400,NA,1230,4620,90400,644,440,6290,16200,70900,80900,56900,41700,13000,2850,1820,8740,26900,5060,18700,263000,NA,195,9530,212000,7030,1420,5710,865,NA,NA,9090,NA,264,4830,11800,NA,5880,6.67,3520,219,1440,785,912,995,NA,306,36.3,3990,91.6,NA,608,221,416,1560,NA,839,2570,2830,NA,259,266,228,331,723,414,167,181,568,146,450,304,NA,1210,524,23,NA,793,3.66,8.44,38.2,4.1,9.59,NA,NA
"165_26E_201","22_213",952,105,NA,11.9,4.35,129,257,NA,14.9,NA,112,NA,NA,76.5,NA,31.4,48.5,465,1650,23500,NA,3000,95.2,5700,549,4000,339,NA,8610,396,NA,751,1790,3180,1240,191,3510,4370,6870,8130,9140,6440,3170,555,274,386,9980,2960,4620,104000,1.85,7.19,3350,94300,1200,886,NA,270,43,46.9,3320,789,38,679,NA,597,3290,80.9,NA,972,286,94.4,539,NA,621,126,235,NA,1620,NA,246,104,293,1350,1320,678,1350,1640,835,1930,NA,194,89.1,296,511,422,163,151,108,541,77,NA,254,22.5,570,396,60.6,NA,1090,2.4,4.7,36.4,39.5,18.5
"165_26E_202","23_189",1.98,14.1,57.2,4.26,8.86,21.8,61.7,31.6,2.63,8.59,1.08,12.6,337,5.11,NA,434,181,NA,182,3350,NA,1900,115,1710,629,1370,13,NA,1790,105,NA,504,1100,2190,448,298,1770,4010,4330,5160,6010,3890,318,1190,406,90.7,4070,4760,3640,61900,NA,17.1,2890,49300,669,612,844,241,NA,41,1490,NA,136,803,NA,1350,598,21.2,NA,453,271,162,124,117,188,29.6,101,76.6,631,NA,255,26.1,103,NA,NA,NA,NA,NA,876,482,NA,19.8,35.2,110,112,331,NA,132,141,37.7,188,107,167,NA,721,155,202,25.5,407,76.7,3.8,24.4,10.3,7.11
"165_26E_214","23_223",2070,278,NA,NA,NA,1060,NA,NA,64.4,25.5,NA,3980,2720,NA,NA,342,NA,NA,1290,13600,NA,4920,185,6940,1740,2440,433,NA,7620,755,NA,981,2510,19600,981,498,4750,20600,28600,32400,20100,13500,5180,903,1740,696,19300,8690,11300,187000,NA,142,8160,153000,2130,1380,1990,785,NA,NA,5490,111,227,1610,NA,2320,2970,4.12,1720,122,712,501,1200,1100,NA,288,25.9,NA,1890,NA,248,533,NA,2390,NA,NA,3640,NA,1330,42.4,156,57.3,527,NA,891,373,NA,263,429,167,247,50.3,532,206,270,20.2,557,117,5.43,15.9,9.98,9.72,10.3,NA
"165_26E_221","23_137",NA,NA,464,NA,NA,51.2,358,NA,NA,6.04,NA,532,NA,3.79,105,NA,NA,864,NA,9520,102,788,190,1560,3.85,1780,23.7,1.97,11400,63.1,NA,1120,3160,6040,544,891,8140,26300,8300,7230,14900,10100,5220,407,1190,1.57,17200,804,4690,72400,NA,142,3050,50000,726,906,642,645,NA,285,2920,686,800,1620,NA,4400,709,86.3,NA,1330,274,207,257,NA,876,99.5,185,12.1,1290,NA,616,442,763,NA,NA,NA,NA,2090,2200,NA,89.1,166,165,443,883,646,NA,139,367,470,354,227,185,419,234,376,28,NA,556,3.21,17.7,18.7,11.3,6.2
